file,m_b
0092d7c720d2779707f4da712cb8427ce7d398c0e6558b070e376d6221ef4779.jar,1
0265ede45645d1fbd3b66aa34785355a.jar,1
027b8afd3bc13bd254b220346f9b8535b9d87009ea65f2f4c5702d293ff79409.jar,1
02a1adaa470f6514d23bb6d40ba0100a.jar,1
02acb6711048d7d20164ea7e3a494664.jar,1
02acee1ff9f6897cfdf9bb85afed447e.jar,1
02c091805e400668c6ff73c4fdcb98cd.jar,1
02c2827077b1a79e5a887e6a3629931c.jar,1
031758cb3371a6128bcab6d9a50b3c71.jar,1
032ceead01998c59d55d9fa60642e9708e5e1073e10c86f1abb2c3f5443a3c03.jar,1
0349d25b2ff28c12683a4b1bc65cfe9b22a065749c4f9afb101ce0215779d9bd.jar,1
0377ab61568f06836832f99e0a8f5adc3f65ec05a052de921d0404ad87029dd6.jar,0
041dcb93985b260ec108a7bede294273f5c34aa7afd4efab067b5743a9a63592.jar,0
0426d4c5a5d65165faf65b129833c0b316c2839c06bc51c7379851d7e879ae93.jar,1
04a22b6d6012e2b0a68ae2d542f8dfaf.jar,1
04d3c9de5fcf6289b40d17ab93c365bdb112c16c48d950f86f889a53c47023d2.jar,1
0521c911e442cd9eec927d8439731a76.jar,1
05d223c6515faed0f284ac7c42bd5b3a270ff7399d34770f5c85bc855b559069.jar,1
06518e22cd2cb67d1eb9d6130360ade6.jar,1
065886e5f23caa5fbd11b2c35ee0261bb1c629f32acf4fe3e4f2bc4675b33312.jar,0
06ce7e6752998aaad5602080c57ecfae2275542e36ebd8e0c0e429df5fcccfa3.jar,1
07ddd37e163a01796d950b6c9d277add87ddeb0b93899ab7422ee8b21883216d.jar,1
07ef8f0b6be3148f8f09592e0089fc2b686919f731a161e90aac867741e17167.jar,1
0806f7d22f9bfbe523f1dd102087fd0dc0dd8fdaad397c6f3986b9b30e1ecd9d.jar,1
0887f7cd746a7ea155b2c36b52d1249c.jar,1
095ec6cf62acc526ee9c97fdf0f7e912.jar,1
099fdf97c8f39179be21d4aad347f9d2778d63681e0b3c6b2709975a097423d2.jar,1
0a125f7c1cfe7096eed332cbb06df68aa8672282c6cd242ee98bd719854e13c2.jar,1
0a27689398ba97857fe915d7bf1f3d62249d4b8f26ab713f55bdfb556733c9df.jar,1
0a7573c58a38978fca245b215225c843.jar,1
0a8029dbf432e021dc701ffec76afbfd5111e26d7c7cf179e013d48e56d33de7.jar,1
0aee4494903e6ba7ce1cd9e489433545.jar,1
0b5fef3cd43d23fe0f792c6059a360fe.jar,1
0b81ff2995706809c70836bc77057db0e6b395c39f8e4623d354efcaa82f7480.jar,1
0b8de3d6c9436e30b7fec75b652ecc25d8b3d4162ad99c8496ff8aad8b019f76.jar,1
0b94c207c882963be06329a7d04333a2.jar,1
0bb60cde26e022b8044149f7da138c1f.jar,1
0c008c8bd7acb034e6d3fdb01ecf4388bb2ca70f2d15ab618968c5ce20bac262.jar,1
0c35a402ca024b275d6ef3f35e8f370528563e9125918465285a11285e0fc728.jar,1
0ccc512e2a38451a35f6dca2d232fbbced0df62584dd33a0aec7833e27ace75f.jar,0
0d0a60c25e17299bfcbe5a30e3595fa5.jar,1
0d42080c5bbe8d55cda9401b582309061e48db543101ae8527669812ddcff50f.jar,1
0d925d18604b6d81c8584b1acc391e0e79de9e239eaecd97e2cb550fa3522875.jar,1
0d97dfba0ef2172af20ae7983e0716f7.jar,1
0da7d724ff50c3c0d09af57a5396302f2b9d9bc1c4027e45a518a049a4409ced.jar,1
0dcd48bdb0c31fa46db29f5f8eed0119.jar,1
0ded7e3623e93f632932fa1a7a37db1244a135166f69fa2e958ed226fe9f473c.jar,1
0e2556356638079a13e6443f62c06be6e509d4c59433a06c5f76191e21f6bb5e.jar,1
0e2d84301ec2848f13345c1af52cc130.jar,1
0ec0183854d16c5521377b45a8e8d464.jar,1
0f081b6ad1242ba0528e7f7058c0f98ec52299272d63844735fa6574ba7ecb85.jar,1
0f0e25e859bc6f21447ed196d557eb6cdba9737dd3de22a5183a505da0126302.jar,1
0faedadf7d616c7c2f38fb6f3046928b.jar,1
0fc9c645410cf0de5fe32a13c1c6e5628cbf3716843173d20e54bab0a6605758.jar,1
0fd7cbf08d5b543e252664f6f1fbbfc3.jar,1
0feefe716d780b032aee32d98b164f825811852b4d38c9e90b20ae5fff43fa95.jar,1
0ffc62df8da2c91b8affad5acbc9eec81ad27614195ad75b1e838ada8befd2f7.jar,1
100f5ac30dd70d3844e582642a221d93555a6a5d7f081bea8fa4ad572164d17b.jar,1
107dd50b42ddff0c7953aebf62727778e5225c2e81fc9fba0bcecbbd4b2689a7.jar,1
108bc6cd57a5bb1f6b1e2802dc2dd2ae.jar,1
10b54c72abcc58c34d8d90081d098f07c732e3e9e4e229b7c43497b467d4b82e.jar,1
1133e6a0ccbb53c8dfb1dba68eb56bc877c917b194153465173cfd2fcd804c56.jar,1
113dd566f2ac95687d7bc63b9d45bfa754d2ebd2c923665eed27284d17089a50.jar,1
1143728f361fa4d144aead1a16317f88.jar,1
11895cd1cf052ecdc422e34c8fc2a94680c099721239f805588b4a2cc4ece2f3.jar,1
11a0dc3bda1d99d39fc906aa59c3a32d5266ca06480a235ddacfa61ef22474f7.jar,0
11ac2614e151f7d3ac0d1952fe6fd6b43f57809e16c848c66b29f4d6cb231374.jar,1
11cc3e30a20938d2e66e70d80fa3d99c.jar,1
11e0b5840ee12b24438be4a9ab40821b.jar,1
11ea73805df029a554777c1ce9f52cb3.jar,1
121f40530a66cc49e874f66d3a1d060237ede8db168aec4d03625804cf33b3a0.jar,1
124ddf4ea3c6dec6fd10060a98ad8091.jar,1
125a61baa82a4906d095b9b4c9c8eb0ef01a09808d7f996c2bbabc0765c6185b.jar,0
1273c92299dd70af0b5632bad652ef10.jar,0
12cf5ec79bd75dbd1f9ab23f74694cb8.jar,1
12d1db8cc7a9ab91ed16b33f54cefb4aac4c323d7c2eb078b71e39c1719baa9d.jar,1
12d5cd14a22877accbcc8c35be6c28a280e88e575562b9e5714634f4f7021e63.jar,1
12f6cb1ee3eeaf0aeee9688d66a7069c.jar,1
13053d46d4294a51e16afe74dbf78fed337384c0d243351451f2f5b6c8dd4e94.jar,1
134c79882b45322d65fa8a7c4af1abe3cfbdadb0e129fc6c75f436399cf78b78.jar,1
14a94ffd9f7ce95f29cafb654bd89567.jar,1
15104c0f50f76389dfde59399fa25e85b15f9dbc1cb726ecc95bd2699925a002.jar,1
1548be53d4c8a45c79255802728257b2.jar,1
1585457d47ab28764dcfdc4e13416e5e.jar,1
15c0c90fbafb6c5b63014b741fa9e59c21b1aef95ff295c6dee8cf99ce63883d.jar,0
160c1c1786604e953b335409aca19e3b.jar,1
16157bc5cb35a35b1f8f92b0711231e756b783e8270d93e25b6b5e62ee30bf66.jar,1
163edab420ccbbabf157b19b334443a8.jar,1
16ae20e84040cff111b7c11b0b56d495f2ce483bf3b8a5cd71a3b46103f71491.jar,1
16d32c4de401b71802185650af1db47a9652d122765b46de5fcc092ab6e7ecbc.jar,1
173c4bc489bb62453c0bb017ed53c6c8.jar,1
17976c68301da51b83bbd574cecc6ff4acfd4009ee5ea77a01eb0c489a256826.jar,0
17e50f14e1c106d9a6495cbf84e9ebca510b049de7c74a27a483ecf32f54d091.jar,0
17f7c9705e4e4054aa8ee0c82bed1ddacddc3bba962d04180620f4abd1823887.jar,0
18382afed4a3eb374fa6a2d5a564d881204f631279903a445fe2d19c8f1da897.jar,1
188ba991034be56498a6d4c64dd713e3.jar,1
18ecb842b5484e44e39ac7cd3f31ffb5a2f93e623b27952ead9ae2695179f95b.jar,0
18f86e8663d883b3df3cfd8c62f932a4ae38c7933f892008e1eb800b859f08b4.jar,1
18fa32193cb21212b123ccafff20947e17f5ec9de07d842bd53026f0f36c5921.jar,1
1922d3b545f71a7e75d8fa81e89cedec99fa10af429c5964c4def094940865a7.jar,1
19764b2ac01d95c09dda7d5e9fd01027d9dc1633e2bb59f1f4bdc0bf57400c56.jar,1
198a08b616a4f127d889eee00ac8bf4101de646567e472cd17219da230081463.jar,1
19e9cf24f9894e4168ab08bf20a04a1286445d70b7c54fb4b8de7dbf016643a8.jar,1
19ebc16698c7e5b8300ddc4ec09e9a7f09a3a4f3d507e13065dff0ab7085861d.jar,1
1a24e280b7f117d2c8b0ac502a2c7ff4.jar,1
1a4f9ef507cfa7e595aea78b62adde21c0ea8e94e21aca457692e3c7df6b699f.jar,1
1a5974712b2990db67e0962d30c19f763a96fe455091b43fd16fcc457e8fde25.jar,1
1acf2403ff096ec11096dcc9e98a7e8fcc247afab41c168683159d7d451797f1.jar,1
1aed6a96c550fe43edcd7c44fd2bfdb8a07e36a4f21b60048fd559b6fe1dfd70.jar,1
1af7622fc4457af9970c6127789894db5ba5d39667dbf99b51939cba5414ee3b.jar,1
1b5e8744ccd112078a18fe342590331b369d2f529180ce56833a645040cebfdb.jar,1
1b987746b641ae2fa7562d404b9e1ec1e687212648f0fadf93cf01804473b9e5.jar,1
1bb7738e82b40ebec5113fbc47e4948c36d9b5da938c7ad4be6962287ced4232.jar,1
1c245a4f7ca7c89e3e1286f6fa748db9.jar,1
1c3a523d73a9119cd80e899672465066.jar,1
1cb6a24bc3f30996150c4c737cf2bc33e5a04741a93e516d6504dd8602f5f843.jar,0
1ccaab13fa6013bd351675d7437899050bc0929420e59e20d336146de26301a4.jar,1
1cf5f9ca62d15d9eb104429d43d109d6.jar,1
1cfdf9297939b8cb620eefea8a24866c1cad13fc6c36e43e10c58b367f734d5a.jar,1
1d16d10c3ad49dc36e7fe0b8d4f1eb8871778613e16f4c091f1c59114d4d5746.jar,1
1d206d360dfd0dfd1e9fc944e55c81d474218cd72c06a0070cab42cd11ff7f11.jar,1
1d635c49289d43e71e2b10b10fbb9ea849a59eacedfdb035e25526043351831c.jar,1
1d71eecdfd0a988a0b5e21a9ec26152d.jar,1
1d8213c6768c8f2edace7482806b0f3abd329f7f4cdc0e928ea10b4c2afffbfe.jar,1
1e5b1adcc9301ad46f9f43adb1f0c805.jar,1
1e8d7ad3df63ec691db4f2abbfa1e825.jar,1
1ea6afea60b5c134a0180d453d3a2062.jar,1
1ee316f2b323c193684a2e41a6039448c65620cdee69f2203bf107d4ad990529.jar,1
1f0a0e4fe9a299a45a9c74ade2da1302.jar,1
1f255394a5e2d8b8717f987c5e8f6333.jar,1
1f2d106e4fb0e73037950472dd11679021b4a3c5c9de9cf6ff5717a1ecb5d7fb.jar,1
1feeed3806ed35c88e18af03bd92620f.jar,1
1ff186f182ad4807c08114f73f3aadd7.jar,1
1ff3f8dde0aa2b1540ce493b8b13a4132ba75f4b88b606421daed17eb481990d.jar,1
1ff5d4043006f53ec59238df7a8b162c.jar,1
1ff9751aa491fe228d4ef151872635ca7f271cd08cece984e472591ed2659517.jar,0
201c0afb125e7bc88b40d04dbaa3c49df40be70434ecdadf6742431a6861717e.jar,1
202080e727b4d21764023115b9f2c5e0b60656bcc57362daa80933754466620b.jar,1
209749627d1eaf27127d2ce397a88736.jar,1
20a849d9636aa628037393e920113e60b4983657785a7b62fa1de3a84adfbd37.jar,1
20f5d1f1a2b4ed9343293cd958e7444e71950fa4e6fc9931adb24938a7a07ae5.jar,0
220eaaa81e4016f03b1cdffb0ce036ad75e933d450da4c11de9360e9674c9477.jar,1
2213ee43e083d31594ec0545bb1c2b38f5cf795124c316ba43756a9d94e4fbb9.jar,1
2241949963adcd2073f594bb77521154e1709b31794b4e8e021dcba91fb8f7cd.jar,1
224511dd30bb2503f29a3d45a94b86f2.jar,1
22b80c679dce63aed566d2f128dcfbd9894c0955fd7c811697022dd74ab4f0c4.jar,1
230cc173ab9efbc3af0683ed6b388998171aedec501e7b5ad3bf0e111b2135bc.jar,1
2315de3898d9dd88fec5e46856faabf8.jar,1
232767e35f1820a52210e13848640adc.jar,1
234350cb07ad5fe381dba1995a9cd592309aa87d9e314e7c888d75f90df8cce8.jar,1
2394d7b1dc5125283c8d55d48938780c6439dc8b02736d13e276ea1e1801508b.jar,1
23a1d536a32721a13bc840be3c2ab727.jar,1
23b21f7ff1ed2c93e6c695d432b1dfab2afeb52a202433f47183081f5b0ece47.jar,1
246d7c5344621077304c36330d1b073e37507159b90c02b63bf0a9ecbffbb013.jar,1
2540f6138141298d986aa920209ad387686df0ffb9d715245aa1619a9776382d.jar,0
25455d977f579628dabc1d8f12b9c7cc.jar,1
25840b76b6cf2762898086cd4b62e556bedb9ffcff1a565bad872662c2e5bb36.jar,1
25d7ef8da96dd15909dee826896e4764.jar,1
25fda961ea71779b47797e42c9d17ae462032c1f484e850caa49b5b56ee29c69.jar,1
262ce436d9c039ea7bc9a7c28fc5a73a.jar,1
2664f8e8e1d4dd929e3f6e72fd8ebc13.jar,1
26798dd3b4fa917d430373d48f1c4004ec553d0b440609e17d7f137a17b4556a.jar,1
26b31e15be447333afd80f62a5723b4d8b432819bdfd6b1c07ab1ab437d92e37.jar,1
26d14bff5372e155a3b6ee1fee2aebca.jar,1
2782fe78e62a7ea024a95c21fb89667eb2a4c2bcf3da0f091337f335836fa124.jar,1
278ccb1e80359c83e26e8a0c6ef78b9030dfe0a55b3acc5db8bdfdb21e8113a5.jar,1
2791964e17c478185c79f6d08baa130152a6be8eacf17733b4f71ded9594da2c.jar,1
27cda1f5ace88175b319549381ffefb3728068a9098e8ef443e4cdac3a82966e.jar,1
27df6e05ba746cfb087689fc4f4aca9d.jar,1
28217c8844eee759e14f21832ed498d07827d82d27cabddc2a28e49d7233a2a0.jar,1
2830fbe5c71646f4b15adec21f3e33e2.jar,1
2855486306db2fdbd1cabfff33f966dbeabd0f6734d1ebc2e42e112cd99c4924.jar,1
2902a66406b744f9d9c16727074b63ba256b5c4bd30f0c199928c30a7380c66e.jar,1
29796bd8affa2aec1b742e883bfcc28fd0b16ddae982c692c5f2b9910e06fce3.jar,1
29b0c5c44ed2f7823226bed2a43d5095.jar,1
29c0a858d33db8176ff41898da8a62036aad8bcc032f6ef31aa954d889073edb.jar,1
29cc2841e7fd7a8b7c7bccd74d4cb458003b7c66affbe8d5465294e2de8a4cc8.jar,1
2a10f4600777daaae5d587a8aeb76cb2.jar,1
2a1a577c1790c4f62ee871b6e5aae4df30e2efdbe092338e918051b74e7a18f4.jar,1
2a2bc43ea954f7e843ec064ded1e468c727c32e2c9208d11023797076bb5a2a3.jar,1
2a552fe4f45aab4543192000c3ddf392.jar,1
2a668c8e9f7e67de0b3bb60b71eb701884c98545d2e5b87e4aa97272847bb563.jar,1
2a8b8bbabb5bb3df14f28063d0674d64c6d080b404f5f3d3043ee129af3e8cb6.jar,1
2a994fe19652bfb3b85ff6019eeaed2b21fed1b67aea5fcf4abd9533465e9952.jar,1
2b238bbd2d0b46b484fb4633b3ab736fdf5dc425ffb6a85146b422d948bae7eb.jar,1
2b744683c4cc7c5004df313a9eaf50d7a107b3ed4c4e06ba6a55c1316ea587fd.jar,1
2b8915ba46150e3155a1a4ce8ac892215ead6ca792075deb017aafd1e60d0ca9.jar,1
2b9e74db724cd836104a57ae1b4eff596ea093d65153734e3b7167e6923db3fd.jar,0
2bb50414f4ddca08a51cfb3a5120484b286eab9b7e61f8d790b4c9fd680555a7.jar,1
2bc0619f9a0c483f3fd6bce88148a7ab.jar,1
2bd3acad10ac9a504bb6e017cd33cc2f47775345e791c8bb2ae4960ba48fc748.jar,1
2bdf496fe60646d43a0f0df34c697c8c.jar,1
2be5b11e3f081b4b83c34b3f50013d94.jar,1
2bffd93715c262a4f05edcdc45399393264366826eddbe66170117f2a13f466d.jar,1
2c5607a8d1a2c9baf69ebfd4b285519d453e397bda7f0b63fca3e1e2c4748e9c.jar,1
2cf16dfaf05c97d5118a8f33928116087a4fd0155bec6bc7066b0c289083c23e.jar,1
2d2f52d001e71c228e73d06a0cc04bbc.jar,1
2d7a9998c9c8e20da4c60c928aaa0dda.jar,1
2dd7a5e133b4977c77f743c76dd14095e4013e68f0db7581ba2481044e912043.jar,1
2e0419c42dba6041436ca2c7ad22522b29f7ff2e38a755234067c8415b0704f4.jar,1
2e1c1c27f00d20da86d004cf6c89fba0.jar,1
2e3b01fc3057ee9d89fcacabdda294e6.jar,1
2e9646c828af00bf6ec4c09de060cf34902baf6d81017ef19d2f33b41a858f58.jar,0
2ed0551fa7b6af53474e32cc2b8683c5badcf15d9f6d1c644712d5e51a329fde.jar,1
2f04935bffe309fdb72952565c6452923d858516d9ffc1e5c74a524187a2e4fb.jar,1
2fa5fae0c2c9933044085f0d555b0453f1027cd11731ca3164673a6175b41476.jar,1
307515980ad27e502169003e7e0adb9f.jar,1
3092e0784a0466deeab807691d72b488.jar,1
30b77462fc7e55a156003b808a9ca993.jar,1
3122b6c83e00765f07b330e9e50ee5763634490882c780a585c30c21fab0e673.jar,1
3157f29a467d5d117a62b158a7608c470346dd0854b004981699c3f6699f0625.jar,1
317635d2a76079e6d1b3ac14352d5d79d221d024dce158dfbf319287f34eef67.jar,1
318ae9d8b9e5fc2fe8beb49a2c52accc83562111dd47cdb4126fcc6f6e1b7942.jar,1
31d0130c4f7857d98405bcfac173b2d7.jar,1
32025273ce5ce802faf0599b564af18c1872102a26c603d4506e6433ce4e94dd.jar,1
321b5662ab747f5fa1d065c7ad4059a32a0da1f9d46358cad5170ebf481d89bd.jar,1
32273d13c4237755ac0c7f553db561923206424069cc07259fbefb14b0963c2b.jar,0
3235bc5e2e0b1f2e421684fddabb46e3.jar,1
3294a5a19a56f55130cdb6ff8cd5f046.jar,1
32e74f950f42961ae377e9b75a96f499a3030fe403d21af69c0629020d28213b.jar,1
32f8f63a946d967ad79da83fc39dabfced06824708cc53f90acdcd738ee32677.jar,1
333488c830e8f2af6d0e6d69b72eb784c8c48fe10d5d201d3f19c5736a778b37.jar,0
33d51b5ec31fcc30f9d7e6e9645d4b4fafe29cc21fb1e6ebd9cf5a13ee3a8188.jar,1
33d84b9c4285e87bd663a4a1836ff2c7.jar,1
33e9153433fdf03fb5479da22f710cba.jar,1
340fd66685968e0d7bc50ec0abf585d9.jar,1
344e208256bc6208f9595bcb5047c3972e148360b7d55ed1c17bc9f9ba268257.jar,1
348cfdeb1ec232172ec2f2bacb6c5bab791de07e27570dd66c963c5511e1eebc.jar,1
35435c15cb3113f6f0a305d2cad14bb5dfe727168b056efe79660b7e84501092.jar,1
3549883b441fc740c40ffa09a1659fd0913688b124512d6d1abfec31a812f7cb.jar,1
35dab3021775e75a1ce697e1c71f9b4399bd2e49c00ff17c53a538d68f004578.jar,1
35eb01dbe5edfc2dc9f74cdfcd1baa653684988d6c9d6bd28a8251d6b608782e.jar,1
36bf8b0e037807be427a282507832e6fe87bff08c198be3ad333e1032b9d968c.jar,1
36df8245bc306fcdbdd7552aeb63503ae2f5ccbad2a971c5bf0c1d51bfc700cb.jar,1
3704a434309754e680fa174167909252ced7d09b9f6507491cb63baaedd41ec7.jar,1
37560703f32abfb58b87198a98964262.jar,1
3786093ef7e3f65547ddf0488eda5770.jar,1
37b449deb5eee45b20cdba315e42af06c8a8d848761cdc5b121287135cb3964a.jar,1
381768716f30918b472bb41e9aca29d1b01643ec1892545453d104f03bc2a612.jar,1
389bd23f9dd7d131dcc69729964f6880e5f3fe5f41eb9d060071f889cc5c499b.jar,1
38b51c4953d002e0d7f4b261aebf8cb58905619ab1a8220ffb99b24d3fed812f.jar,1
38bba0bede9c9522a5f0cea5b63d90f3.jar,1
38dc734ef899e5d7aca209047f94c4f1f016ea6fd77ee02a079b9a900d02f506.jar,1
3908fabe27cc2077da95cad86f00d5e8456ae7f7b2dd928a4e484e60f0594a33.jar,1
390bac8280fb8cf710da081c1d8c1301.jar,1
395052837b6818c533971600284402b9f1a8e0bc0d53b9ec5d14bce2569142d6.jar,1
395aec173f781e841360ea59ff1bbb21.jar,1
3966b4d4d55cc4b7e85f1b0bbefff031463e4de4b3ab4f33d879f648a05335d4.jar,1
397a2d60c33dfdcd5cc56ae22b22989f31c154ced6547d9f1487ae02a1dc30db.jar,1
397e555acac44eb97799361f5e67f5c8ae340368c0118df57b34fa5121cd0a3e.jar,0
39ed4a4ea5f7c888e5b101800a81775fdeec9cea995c7e98e5498266644497ea.jar,1
39eeb02ebe265b49f29fcca7989aa599.jar,1
3a0833a662975c42e4250cf30612901d.jar,1
3aab6806957de31da35823a6997b4aa7449602eff3a6ebe085da25bd7a06d8a3.jar,1
3ab4a924884d4272928abae89d5e2a8f.jar,1
3accb21a047203301091cc5c1d03a7cd441801ac0125eed643922c45de4a3b0a.jar,1
3aec661df1947e64def1a7916d19f44fe2ab7fdaa16575490328c0468017bee7.jar,1
3b0348c3f7d4427f73df116b2f5474043e9cf8fea2cc7cdf27cfd397686ab9d6.jar,1
3b412c5a3887c2fd2eaa7b6b190b114b54bbec5ba0d583070051dd6e5120f559.jar,0
3b791cbb8ec1ea4a3af266046688603b.jar,1
3bada41d566ae3d6582956ba5eb811c4.jar,1
3bfd87ad59870138f210f1162974ca3924721c2579b72c0e854ff4911069dc3e.jar,0
3c0d1e52dacfb4162b729b1341b61f011b37db2ac9de0bbc59660af4cf928cfe.jar,0
3c1655a26e93b045b00ade8dcfc222e77c7b73f5e88e5d1360966aefaee55752.jar,1
3c91ab21195c2d6356db2ae2f0bb43f83ab39112a17d1c3c2e902e701bfead87.jar,1
3d1bd80e9ec2560a482520bad73232921285cf0b47af37b873f56be90498fc7e.jar,0
3d5c6a004f1f61a69577c3273a72bb9b3f6d8fa62dbf42a24b81345196205819.jar,1
3d7a762cecdcd5a418cbf3da17fe66d37ff20a633160d797cc8daee252f8eb21.jar,0
3ddba8c66f62ec8610e6b09f5ae35beef6daa0464c83d4220ce456a3ac392605.jar,1
3dde8674f8ef57aa854d99c844b6c451373d3e8f326a5add587668d8bfcfc423.jar,1
3de3d20cea5759b5eb9fd641200e4a8859099c878b10ee591cd25c3c5858d41f.jar,1
3e368ed6179b139a5b49d29e6af1c62dad3fa4035813aaa159aac18276760157.jar,1
3e805ea02364e9e4972a0d246a18ec53.jar,1
3ed7a9fadc0dea1c66799b88951b9b709a310b2998b555c1eb735ac5abb0a6fd.jar,1
3edcd7c292422a06e52a6bc6beae046c1619879912b3a893afb1e78f734d919c.jar,1
3f4d49818d707c08f06e326f317e3353143be6d94d516600c9cd8d3612fd1900.jar,1
3f604dbfd849aef188625d235597897b71e51ec1e7dbda3db3f3fe5204b04cae.jar,1
3f932cebd5dab295c743edd7fe8bf680.jar,1
403f71325051032cab313e968f203e0f.jar,1
4043d63a2c1b6d2b0ef9ccd759d393dc.jar,1
409a926c8b06ca68686a8061be80b306eb5c7b1b29aa4e7323540f555254caa8.jar,1
40aaa4e5ca86e8f03f61453830fb94661f2757aade804709f8e5beb950dd8a2c.jar,1
41786ef43f218b378cc533e50490815cdcac23b6cdb8375b9282abed195d7720.jar,1
4192b03bfdf7cc9e53ff5efe0f81c976.jar,1
41af0b32ae2f8b754efe54765645fee2db41c286902d2f95de0650fe2c248fb3.jar,1
423aea2f653495c1417a5b598703694eb65fdb11dcb493744a67c15ef51c357e.jar,1
42511a0c969153c446c2ad8ed727450e8af45d4fe0ec17836c333fc323c44aee.jar,1
42630e2d574e4bd0a6cc02b0a1bc3f34f9fd8bcaec5d266f357736987345f432.jar,1
42a330902f39c28bf727e3c127fdcb5df32595f7b88eda20917842a3324dc7c6.jar,1
42b085bcee7a82201c4c4e1dd56949ace5a8eeae1aaf0f0131d4a830bb623bba.jar,1
42be71e2bcefd60bf0a419d37e97bea78688ea15e4a5ea9a30aa925fc0368c50.jar,1
42c97b922d779a2ef2b29d449b059617f66d9a4fd94e66702ae07a45587fdf71.jar,1
43b00ce8ab382b247ec70fe0ea52becff208637b49c56a54c35c89043aed0ada.jar,1
43dde6a152a6fd6fa8103aa268c473b4.jar,1
44219ce76d51a76be16b355c8e2ee855e0ff740279bad0b86e9fb3bb1f582c8a.jar,1
44c6e89af3a487caaab73e7d503fddbc9d62394c099da3ca9fbf737b6a30c867.jar,1
44db5b8de39f508bec8e234036f79ae70bca1c117aaf90d82ee53ea37049b348.jar,0
4514d2f088680ebb91886236b9e9c8c4.jar,1
45694e99b628e4798d84ebec3e1f6460cc2c6b5bf4ab7720befa76c632503896.jar,1
456b5427d0bf58a4f53776bfb6bcb2af7c16fcba9e3f2c80941bbba6673dc5cd.jar,1
459bab235b474a305564fd1488c83f30.jar,1
45f7d53cfae7e706fdc39ff6f41e9df1.jar,1
46261f4ede3d06d83a51bfba571a5d18b8171a53a130fee9f879b12166d79ad3.jar,0
4695c10a648afef341cb9f13adcedda52d0fa34830018d0348591d91a141ba96.jar,0
46a1aaf4f612f2437a760ed1a5717b24c8510fe5113dfdee451d4e7ba2fc78e4.jar,1
46a4cab8778211dc9bc824b607741cd03c8fdb799a8e90d106efc22f57b06281.jar,1
4706318da5f5e55adff89389a41a13f7446fb32073a3ba6c0b41ec982e180e7b.jar,1
474a3215aef0dd7a8e4b0af3c1327e43.jar,1
474c315720a50965b64d1a004f78fac137ae151f6143edc1b3b8ba6f7b8d2520.jar,1
47afa67c859859550c41c8246adceebce3987d7c491d0d0cd65c8123f056fb87.jar,1
47e022aee5fec4c1bdef53e8a2878f15e3266df1d013dd714093b6a5dbf92d82.jar,1
47f862b9d75a9190696a0620efddfe7e43b16b79c0b0f009a55ed5360f35b312.jar,1
4836e8b647538c1ab7a44d1f97dde35a.jar,1
484a712197407f3294b64ba3285a0b715a526dd6e58fc7b584a9f3dd5f8d4863.jar,1
4885b214184d14abb3dc3b7b587cc45f.jar,1
48d558df3f7143c1bf35752775e3ef2a.jar,1
4941926b3a6b027248ec257184b0a0f6128193947288dc313208eed459f19d6a.jar,1
495498572e57e6f6260a7875cf56fb24829dbc6489c3930f8131925864b35465.jar,1
4978e38561ad475d2222684679af717a9f864420c4893d00c74f4d7790e1f8c5.jar,1
49ec151bbfd94313d73aabcb6d995bced4ed041e27e11b73b4a3609747c28546.jar,1
4a02c67241d68622971e18a3d6eeb1fa.jar,1
4a2540d400c6c1ceb0ea0f56012631c14b5c29c00c7f9149de2d50feaa55c7c8.jar,1
4a7303b600996597b4f6c7bc19c3544f.jar,1
4ab878b36a03ec2f1e18f5a6df831d29.jar,1
4abb8c64df2ef89e7857dbe0e761f82fdccd13d502f2055fedab0e14415ab4d1.jar,1
4af179778fde2f3c5ac8e5977ba2ffa26a945411e61a9a2e70ec139efa996fee.jar,1
4af6eca673c3834d3a83061bbdd4fa5e7617939b9a3bfc5b7771642d7ba113f4.jar,1
4b3f7e36e864c21af17bb9a7d0bfecbbbdb0a5fb7b36fa1e86dbb28e159eae04.jar,0
4b4d4d7b35ad92177a481eb61fcda6ac.jar,1
4b547380abdafabdf77867d8cfbee8c4.jar,1
4b7ccb72c8f1f3aa43cf8589c012c515.jar,0
4c04e3ddcca051ace7663b7a0f5bab63.jar,1
4c78169ece0a102dc5590e8f650ffcc67ca35f75ba0734a7c19a4bb8bfefd197.jar,1
4c79274f247be1135b1cc8a7d0583b927dcf40a946959cc4bb0f930084d0f3a4.jar,1
4c9131b6daf6f90bf97095c9a06ba269bd05fc5fd203e35ca749da83737efff1.jar,1
4cf59edb3425f5b771b8a0fd6389c16dae84c370a4a6c082a9901d52a6317f6c.jar,1
4d348e0eff115ac3bdda4e7d6b3e5a28.jar,1
4d5053a99ab1c3b792a0d11ef7e0e0d337290a9efe52b7a46c26b7d269a0fd14.jar,1
4e29627464c67499598f420742449f22e9719536001325ad2077945975db3746.jar,1
4e2b1e4b0d228219e8ba5456f604dd9c.jar,1
4e9af6f8ef48b6b27049ac86ff9580cc0aaa21cb8391300ed2d8c6b45376cbb9.jar,1
4ecf27cb1628ff8ccf85facded0efd4dcc31c3fb822a23b04b8f44d2b1a2561d.jar,1
4f071d0dfe0d2e57c44b9157680ef8d17a36323095c212f3fb09faf59d8c91c1.jar,1
4f25e3cd02b6d053df1da4557dd0c3f5bbe2ebaef0320b0c0a8b6f4b0a5fa10f.jar,1
4f3b6c1a012f7809aa371baaddea6325.jar,1
4f750f8f9a31620102145e5bd3c2fd46.jar,1
4f7e0ca7ff7f9079fa391eed25c8abaf5d3b86f5e64e143f1323e18a52c3ecfe.jar,1
4f8779571ecf8cfd7e6c9fd6ab314319650a7b272e18c82b38e32244c5a12b51.jar,0
4fa8ab3763707bd8347f3a27faec2ac74f902af54b2074855eaf7410f9615874.jar,1
4fbba6984bfcc915b229aca31711fbbbbf17883782028b72b9a080d48cd6bb87.jar,0
4fd426df62101c399fca9e0810827ac6cad34d726267915bc9c921c0ebfe1843.jar,1
4ff1b41fc866c96a34ae01d5c5a320cc09e969653f1b33b845014fcd6bc17056.jar,0
503d26a03d7bfef04ef054152938181d.jar,1
504aa616071d68016724490c96f2ab9f1bdbbbba639d4f9380e07c3a47814af3.jar,1
509903e6e1d283321f2a91408f46c43436e1a555b350487596e43aefffa03246.jar,1
50cc312096a42a76801303d22ff4cd625fda9e039fa6bca6023baf5199b8fc65.jar,1
517fb792ec3015ee696406f348c6d9ef.jar,1
51817fd0b405ba6f554cb54c80e0c8c3add58876f6a2354dcb8146c538959cd5.jar,1
5192af270e5897e9b778aad186315625.jar,1
51feaa19b3cec0d9c74a439aab716dce.jar,1
521d49f9f393ed575d0c03d6c4c14537c16bce50cca4ec670870dbd20f27bc60.jar,1
5232633d3b6233fcecd2941c793aea06a6a4c637a83d826383e2ac92383b5a00.jar,1
5232d964d96bf2b1d6a023aac14c15a7.jar,1
524e38d7d93e4ac792e6c3b4b30871f9.jar,1
53563a2bccd42c3c2507bceb56c21503.jar,1
537f7f92f870660af84cf30ef067e21e7b3778d394db0fe3d9de9d2fb2f47b36.jar,1
5405e776cb4300a4387f385ed5d117ee.jar,1
554b274a94c6f5c8549e7aa57ac99af2723aabcfe0d648f39e0b41dba2f3477b.jar,1
55d2186a9099d0eb016432b273a75d45b22dc55d54ad39e35ec4ac2a4c6a342a.jar,1
55d8f9b3ec965c2b4d9de883073f5ca3.jar,1
560522803d66a22a3ec566f337f19b0e96fc8fbbc877507575623307e31c4f5e.jar,1
569e8bb1fb3b5d41da36826da8babbf4.jar,0
56becaf097f71cc6ddf364731025ba214f811eee19e7958b46a6e5d5756e2d4b.jar,0
56edddf836cee8d0e21c98f7251b2a9783f57682b6244e22a5aaa1d7b8a0f1dc.jar,1
56fde811dde8639b9348f8093c0d8dbfd6673d7bd128e1382c161e3fa2260ffd.jar,1
577c8aedc185c4912d106631ed2c2d05.jar,1
57990b47687c67618569e2121f6bc74a.jar,1
57d770fcbc6f4586077e2e2aaddd278b7707424f56ed4ac882f5164706586ca3.jar,0
57e2bcf869b36b431f39991cba200efc33d70fadf40c061dc687f0fe45e7478f.jar,1
57fab47df6562386785700a8c0d1ea5f2751ecb5a738f30ab6fc4454616866fb.jar,1
580c727a66e786e063fbc8a665f93d8bce2b571eba8f69606731cfb61426ff6a.jar,0
58190005e4c12db2ab9551ea77e702e2.jar,1
5824541971e764fb1c2b95f1020172f53430728078551021b6e37148d3532098.jar,1
586ce6e6fdb607b56416e40f0ad234f3.jar,1
587516e7a3a436e9d67198e61d2fbd80.jar,0
587b85aa55e9c618602ac9322b2ec5aa00742e9672b615f21a938e7a787de952.jar,1
58a60d0f81802871a7e7c6bd5c7f9c1c.jar,1
58cc835f624651c15fbacc35b33a21d11acad539255c466d6aac5d08a0c548c5.jar,1
58f7d88198a30d891379d768f9d06c90.jar,1
58fd51a82667c06fa9ba9131e4708c76.jar,1
5905a114aa3664d2aca2566badce9bf9e6c1ee26df14904b06726e663bafc86f.jar,1
590bcc00600ee28b534617e692c98575c8059e76b71b2e899445007c70dec4c8.jar,1
5916d020b223753b9b842391aee8c0c9a8dc9d07ee68c9de9802bebc28167ef9.jar,1
5967214ebf890ee380c69edde97b73da47bf31c5809439287087aeca7b35620f.jar,1
5998709104e34e4ccb0a537fa574f2f80c0c113640cea21ddc70ef790df11f5f.jar,1
59b1bfedcb58180036edfa10e515f72204d88fbcf456059907b93043b3f6ae40.jar,1
59b59dd707080321d3a4a6ad7ecab6b65dd6beec0501573fff76d621d74fbc3b.jar,1
5a05e869709ef13c58a05df68ab56d011c369eb95924fcc982130b08ea8f613f.jar,1
5a0b6a85083560228d2c5ce4804101b7.jar,1
5a46cd4a6780a6ea956448695e4f43a3039c95cb4e500611e415c73e5ebc1b1c.jar,1
5aaeb961a4904046e83df6b8a368944f.jar,1
5ab8f7e578bc20be112af867038bb42a0b4e51a83366eac4ff270cf2d0bf89bc.jar,0
5b21ef3f9b67d47afd0708b1e396687cca210a29162d87c7568d5d493dd84a60.jar,1
5bf6c545f84063c3bcf6f9d1faeb48d96a7c03ba4ec8e6eadf957d3d8ef0c7ec.jar,1
5c0ae36184afa139b583b8639b628ef6.jar,1
5c4258e22380ef11a34d5b58e163492208b59239186dbbe708342abd1b29a75a.jar,1
5c9e1daefa68d26d7eeba9ec57e3e15f.jar,1
5d3d63ee8eeeab2061121372fb1fe41c.jar,1
5d7dacbc7d998d213267fb8e4364d072681015cec1562728938a82801eaa5966.jar,1
5d951025de25df072e7ee94d6180837c.jar,1
5e20e2d6452cf7013f13a798da802045c64aeb119d9c6404c9504ff5b272834c.jar,1
5e670a7e29c6b0d0c54213fc028c75883b579363652fcdf2df7cd6c7f8776be1.jar,1
5eae730cc5b4847d92104cb378d6d1c8.jar,1
5efcd37e727a6f2a187376535bf8f4af.jar,1
5f20ffdd7c74cb61d5b1bb82b3ab68dc.jar,1
5fa412183f1e751737f452641e3bb224.jar,1
5fabf58d0f085969e412916ff7e65ad8.jar,0
6047e848f94b44adaee745f1aba7a0b5fa2d70aa74b779b66408de0eb04b3132.jar,1
609614e2d9bf1ddc4bc7b9c7b95d7da6.jar,1
61420339c56cd25a43ff9ca946c5a037cff84c34dc943852739ec950531e157d.jar,1
61a94ec386f324927a0c7e781255ef81758f98e62ef4af7421292204f9741eb6.jar,1
61f755a1b4b17c26aa0a66d6dc16bb346bd2e58b874a0264aa7c135b86444828.jar,1
623fb610b8e755c50a0a2608ab773d3ee045d0f16f356168a79ca4fc0f42396f.jar,1
624b7e89a63e1e84a1fd80889bcda8fceb2268d43c9be3f8621e8084084fa48f.jar,0
6277e9e9e13f3ca2cc2f66feaf957a052bdc851e40aa5bdd9c934ef452ee0546.jar,1
62eebf622599eadb8417484d2f58e642fa251d2bc448abc638f132e7fd754524.jar,1
633bab0fcf099a2c5ee19e8d078dcae5.jar,1
63aa4e932c9ae009ab8d3c5fa30af690.jar,1
63b3402660ff4a015ff3bf516ece2da73234e315f5b0b7235ef3c4523d846152.jar,1
63cfc9c3a714b6071aa690e677f26fc7.jar,1
63d009b50ac6f3eeaf0890cf605993c2a7031fac53dd7225049fa2934520b937.jar,1
63e989fc4d03e1fbc84ab7bbebd2907e.jar,1
642c9315ad23368c7040424f6b248c4c1d8695dea79881e519d8e9bc40e50126.jar,1
6443fb654b8a08bd9aac5fcb25761407.jar,1
644d921a66123ca1d05a15809e1cd29766b644e136dbd636641bcc1eca05a2e8.jar,1
648ccda786ee54821c9854f78c44537984c2e74108ab5001167f38f0ce6e3dcc.jar,1
64cafe91733b1045544e9b11ed2344b55b37c24dcd2549ae220314baf9f31d6b.jar,1
64f1e064402f95989ad35714a22578f69e1716ff7cec2a2da0c44ed34cc083c4.jar,1
6510560ec2a4a5ee2d4e89a2534dad1c.jar,1
656fe804a656d451e323b2062888cced8f314f6f032529fa417e2c12f234846b.jar,1
657ab114946d2930b03be61afa8245aa54953adaa7f0b6d5283fe0c7599d4a96.jar,1
657b0f3871f350df2b1ac2ef5b19e8103f134a9fb85a869895dbd734d8b62bd8.jar,0
657ba4779361dc2023aee5b0192c5091.jar,1
65d1b75fffd06ce0b2f6649aacad0471dfb252b99db50fd569b5f64fb131239a.jar,0
65ecb2c1caaa25c623cb5c875eef9bf369a8714aa5041769c30a9a49f39762e2.jar,0
6604293c5b6828b661e320e45d5012f7.jar,1
660fc52d11408b98b0c1a56d3529931134a2a8a3c7a12f14bda58e525ba8cad4.jar,1
662da9bbc01ac03cc3793d6a209086b16236f5c49accdb235dfcf68e822764f2.jar,1
665a5fbf3c11f503fa37f42c06b27bdad783549f0f245cf1e728d9ac2e91a57f.jar,1
669962e74101d1f009e6188dab00ef39b429a8f0076e675cabb1c37f15c431bb.jar,0
66df9b19da1c97a27c48b9a317127228cc95fca7eb189a5042a23bed90a9ad62.jar,1
670df4adb798689eb033862cf0e116ee.jar,1
677fca29350919f6ca9cfbe25d7761c03cb1564b17477a630d7c4454a8956ba7.jar,1
67800bb890aa6cb1aa351f80ada905b1.jar,1
67897b473b503a62db43d68fd89068a7231b4f5ecd58ee8d46ea075f4d35198a.jar,1
6793963e4e08ef16efca06ab59d8afc1.jar,1
67a39f9bb805c891cb2e4efb938b543f95fdb06382e4fcd3725ce776638e1b8b.jar,1
67b6157988bc05d830563d4ed93f28aa.jar,1
67fc63a70d596cdd2196426837e320a4.jar,1
68101ada30ec8dbccc81a5378dcd5524fc156fdf401005b21aacbef7cdda08c1.jar,1
6818694116993953b1762f4f075f8a04a5cc4e851ce04000543bc084b7fbccd9.jar,1
684ddc61afc23cf7a9df4e14908bf0c4f0d801eccb4449bfc3a822292e68d8ba.jar,1
68742e53a9ab7ca323af9f73e90df317.jar,1
68a2e1d2e66e7607e964492cb09bacde3d71afae11185fe53e6e12eecbb2a77f.jar,1
68b6e3b6d5f6de5bb73aaa88e784b41cb2e637facd104beb089731f906a8d805.jar,0
690ca209b35a757358b876bfb4f3eaf259696f4d400464dd80fa2b07923efa36.jar,1
6975ae5aba738ffd708b7a5d36ba2de520a9ede824b23e1ceada0927ba909165.jar,0
69910d95d12e3f612242941784a4ff5afd9c786123d461339f4ecaff87400824.jar,1
69b3964fe7cf8b7463e59afa5c7b2ea0.jar,1
69fdbed689915c9e68cceb1c6ca8651a70b754c77a3bcc49ac4cd773fbefe8f1.jar,0
6a36a0d694602b12841d4e7128fc87a9c8f21730069e46e53c924721c6fb96cb.jar,0
6a5cefeb17accbd18c004c212c4359782e58221177a5152944792ea389b61ae3.jar,1
6a5fa28218df665119452fc67bd7dc61.jar,1
6b60e3a27e8966a2aba9e7768044fe99.jar,1
6b61676c25b75c6d498275cd5925f7a616f2dd2a020a8a0fab3ed8e26fc7fc1e.jar,1
6b8e5db9e918047732340d59a3fb0b0c548233ceb131cf3f6503530bdc3894ae.jar,1
6b9c4f7252046dbdc98d8eb537bdc776b1e35040b86c1dc1927c2e6bdd7e6c0d.jar,1
6bcc6c679cb20b129c32f7adfc401a1a.jar,1
6bf5dbfacad61dce49247de0a6fb36ea.jar,0
6c07e2c05928f889bcaf63ac6f57672a.jar,1
6c1342d2e57d51981730f7ae0ab4666b330004b796b88de117d60314c7da73a2.jar,1
6c265dbfab23fa4d7ddec23b878c2b3465e043ebf1245c8f04d8ecf25e6de9f6.jar,1
6cdb28d5d7e754ebb942853350293698a0d30b1bec4a3a4f0a7f196cb13782ed.jar,1
6d0d6669ecb7003b8693bac2e9b2c41530d30da6a3ec5a9ff5fde6895d8cfb57.jar,0
6d64973f89ff7383c610b24969f4b3f8f9a134354d4dbbbb922be53696577957.jar,1
6d6e4bc8abb2581d71f9bb1b6466b5b3.jar,1
6d814250028f6fc430305cf0bdc2ab2878219c98bacc46cd4e0d9a9feb32130a.jar,1
6d8c96bbe09e6d729ae7be19122aba85769caa52d4c994b9379fbc3e498f74f0.jar,1
6d926e8e9817a08cc1f63e09afd0e7cb.jar,1
6eba28f0e4b8f91d3c7fea28f3c59648.jar,1
6f11035ca70d2738402ba8c8d446d330088ef828363b27211ea778595032280e.jar,1
6f252e374e1cd396712e5726c6e94c154a517e91e48d2c2583c590d4fd3ee023.jar,1
6f55f6e567ee9df0a823ce1072fbf1e7b5ae4ace2128f8b330394cab4d07d2ab.jar,1
6fa2f3234fb1a4970cdd4e86da28036508c649bd8437c03555384b9eb8fa739e.jar,1
6fad19a527c4056504f81ac623e84f9b2bd104f88276a7bda5b566084d34ed21.jar,1
6fbf71a6fb4f681bb8ef777c10d75529.jar,1
6fcb77f292cbe69d454e1041dfddf0c10b57949ba7c6e89e20c05667810037a7.jar,1
6ff241ddacf6a7486fca547fca081c11.jar,1
70161f70d8deba21cb2014b3c48075c5.jar,1
7017a09f5ce0b209cbc600316d05cec4965d0e511c86007a4fab51c7efd8b746.jar,0
706fcf93b0972368ff86e91b9a36f640.jar,1
70b7937266d53170f3d436766418c45d242385faae815ad011b41c770048e2d6.jar,1
7146cb2da664a4ee295680c3d126c4d4c09b4886f5da96ce6da2abcf618c74be.jar,1
71e3783ec00c25949bdc83aeeb4bfc963c984cfdc662bc0f4261a6aaa25de584.jar,1
71f82fd4e1b243dfa93c77207593d071.jar,1
723a378ddb4520126185e7f6f022d0b0aaa56406b8a05328f4d7648b3409b5b6.jar,1
7263aecc007087dd5f1817d53c205cc5.jar,1
726902ed1aab6fe2e7632d70bfba8fe89efc025bc76c7f63c8cbc2f73dea193e.jar,1
726d7353ab0003f4de93d4c6556e25973a6ab7a260977c9b7a48343d2238b0a6.jar,1
727159a8049f61e77410ff6563a109c4.jar,1
728f104a6320f91458ea7a913bd9b62f.jar,1
7296de4c8fdbd123711f22943574e516.jar,1
732389d36893f1f46024d4a4fecc3881f1d913818a34b676782115ab89023697.jar,1
7385b4bb76c2de9b8cfda4f48d7d8372.jar,1
7395cbf96dd8330cc8f6731032a3ee5aa44e94c9938326005c0300d49b29b11a.jar,1
73af49d9d133f52ab7c64ab1f74ddab0.jar,1
73cfe10de2d0fd6f6bb064a17a970b1b.jar,1
73f6bde4503f2dda2b04468d112fc609.jar,1
7407536afa6aaaf714ace6994c7544e242b9b406bf5ea01e69edb666a7294565.jar,0
7412d030554024518e83b28055d7572d71bce3e7e3e2f5f0e7358993f1c65fc8.jar,1
74671bf331a09f71822cf8f5eb639ea5fbfccb4446c66a2ae23c806c01432c49.jar,0
75b82a63da73b09c59ca79164e734e19.jar,1
75d90e1695c106244fbb9deff2f4ae02.jar,1
76299cf99d4df972c4667d1ee42fdc21e20ba6a7060aba5940433a3419d89b97.jar,1
7629e88d552ddfd2653a656668b92d492a8a74f571dc4bd1289bb891858b9e88.jar,1
7676419dc1507eaab9288f311f0b992ddad66ac9f4fced46403a1538644e380e.jar,1
76b84b821dedd652e02a811e84a78762.jar,1
77082a4a3a73b8a1d89d60413f7781b9bbb5ca038ae38d09a03810a7beae6399.jar,1
774181ff9e107bb964c2e561d04e39c9.jar,1
77603a6371c05da0ff73f09ee28733d3.jar,1
77ad06f5cddfc7fe9a902173dfc3b890ea4a86614168c9f5b25766cef071759b.jar,1
77c250da35d0bcb6cff6054e699192e71fc5acdb1fd1bc9acbb30a7f71ad43ba.jar,0
77faebca0d43beb95afda598d85215c1.jar,1
78506861635b537bdfd939c5fad8265ee1e0153c59aabac5d3aad5da8b9d8aaa.jar,0
78a9ccafed6045965d095d0e7eb495821a812b6d6a3149cc72592fff9e19a406.jar,1
78fd5ffb2cdbd34a2f659dd59ba15652.jar,1
7942571092c5fad1e0f42a1c9b1014d4.jar,1
79747f77ca1e131add3ec079f4dfe82f.jar,1
797f96dcb610e30c738994e3c586d90d4591f34a3712a709bcc10380b80c38e3.jar,1
799091eebde50c35a6101ab307fefa16.jar,1
7995dae4b0eed76ef599e0bc9b9c090eb3dbbe75fbaa092006837da8d1e1ba7c.jar,1
79b800668faba140b33637f63aa00bdb22773b4ddccb1b70a21e7d259d7b0ea4.jar,1
79c12f52cb21682944a14b8abd7d8369.jar,1
7a2268fa02ea0eb3b5b7bd08a83b95b836497b22b6ad30c23a7a26bec6cec0d0.jar,1
7a6ff5717655f4bd42b212a19381cf2d02a48b014e9a5da49cdbebd6e5d181d5.jar,1
7aabb980ef7943a9493337ed2b7ebc2085166c85a36761c5c19c7fc242867d4b.jar,1
7b252e149c75956c0f103a1b019aee20004e8c5b8ec5011becc283aca581507a.jar,1
7b4b36335ba83221e8296b735d64d886.jar,1
7c032beb567b18670073727a6b1fba146e2daf128c5abd51279c7ad0b7d3c482.jar,0
7c7d68c4590327e3c3b7ca47d8d1b6b6554a07940e4a7dadeb65534babd5d866.jar,1
7c976ae5febbdae0ef14bc6e0468dd852cd9ba302bcef3aa9bbc82f834788db3.jar,1
7cab7a7fa0ae36779d8a05d2b0a4013bc21377d94c716b468144513bd2fdee08.jar,1
7cc6d580f1c72ad1c7f77631e1fab1a3aaaefa795755c79992669bc3a6e637c5.jar,1
7d652ebf3fc8f1368ff81ac8079ce332a8fde810bd4d7eca30a99196ba861114.jar,1
7d94fd6587bd062fba94b54bc24f688af5e435db50e4191bef157ef58dca9365.jar,0
7e05f58ecf0720b7e9f681e0f2dd6e66.jar,1
7e8ae7f30fdcd43c4d84f0004735da51.jar,1
7e9f17b3118b13e557ce7659f02643602f6b6d04d33e2c39cf8da82f61b5b4ad.jar,0
7eac69084dee873523af7911e5233573.jar,1
7efae0b90385a1d99a2e531a2d9872b649277988c2bfca8e8ffea68d3c302db3.jar,1
7fc18d0c9f38d2deb4925630c72ee629.jar,1
7fe0e93c12ac33399712246614159aec3f10e132dd54dff5a8185cb91089c428.jar,1
8019eef0779e1eaf88e7d4d040884fd4787de672b15aa6f3e82675eef2539ff8.jar,1
80533c4042dd29f2fdd5c9131b7b51a71d82c8ad63309448e160f6a2883862de.jar,1
807eedeef8cb77f9160d737ab07be043cab49b1e1f415b8414bf8709960d57ea.jar,1
809fa8ed40a40c92fcb9b27dd0fa66117f443237c7858a1314319fd9f4034605.jar,1
80cb375c9ddf20ed7fcd2554353021f36899d16889ea2c267ee8016eb5d22035.jar,1
8111efcfedef68434eec370392a66a6d6614e672183714e8c4e854049b8db97b.jar,0
811a700c5689f39ce7a75a840629f92c4280df5ea8f853b1015afac3be33bdb4.jar,1
81670698ff7a83b4125e6c9a80dbff1071988b58e15519b911fb0fd6978fa5c1.jar,1
818b4a0f0a59841ec0cac59b24a36d15eabb67533c24c60450979bd06b9e6901.jar,1
81aa406c3e8c6748c20496bc331c4d3a7b0355ef8e411ce8ea94c8fbcd41306f.jar,1
82298daa77be0b429dbcc6078d9a7eec.jar,1
8265cba2157d7bec2f93c2fa45ed616729e931a209b055959cd814ea1f0841bf.jar,1
826d30f12088aa7739d8d4ed6611498f.jar,1
8272503f3cc5ef71c7aebcefa6fe0cd3.jar,1
82785f7db62e9cabf47231d0fe34699459c74ec9d1386f09f97254465c4ce1cd.jar,1
82e70283d0c43a09c88b0ae392aebe37.jar,1
8329d6556a50b7aa985b38388579eea3cee777d3046ffc94721866d5ee02f948.jar,1
835834081946ec9778c7ac1255b166c5f2c25729e23d06305a9b28670415497d.jar,1
83c6e182a59b71f443d0d71e37e37001745fbd383924eac4e60fbcf5bda434e8.jar,1
84827ff636575923a521692b1fdad6f996a6ff1d696af1361840ceecbfbab983.jar,1
84d1a3c9ea71346f45f730ca6d7f387815eaa555b7d5a72cc78a97dda89d41aa.jar,1
84f5defe4328d0c31cafb136a3cc5a89.jar,1
8510f0b1edfeb2313ecc62eeb689e7bd91a3751e9221347572d2a74d94b3fc81.jar,0
857344a81d52bbdf51415ee7820d221180e0c2523625a2fd1e8d6fd461f48cd7.jar,0
85b509c3352dde65b7dbd7c56207e2bcfe8245bf851132cbd61b93f4343077fc.jar,1
85c6b2448b1d217930cd719a78521cc3745cb30fc86cae3058d848bfd1df0059.jar,1
868b21fc803ff66847728f81d4544ad298340fd24860aca47a544244afbae97f.jar,0
868e91ff95330bd8880673305c8c83aa.jar,1
86a92a5dd9bc37e03698c5e4f128ffa0.jar,1
86b10ce972c0a7fcabdc66d6733abeda.jar,1
86b71f82f8248b1002e81711d9015323079c216a2cf79271cce0d33e13dd2245.jar,0
86d9b5792c042d2bdfd9218ad2eb0a0577dffca77c0e90398d525e573077f31f.jar,1
86f977659524bde3ab16750590eb503a5b900dc1b317508ef439f16eb3dd97a0.jar,1
874e68df250764a802c06fe19e10fd06.jar,1
87716ba01512fd80d4f31f2f4885941526102a3f0df5903edcb5a5712b9bb541.jar,1
87add906fbeae8e87d3caea84a7f77f8a059e71c97f15e4da24113967e81b981.jar,1
87d6786ebe0bfb58dca475ca0fd5d8ce.jar,1
87f80d23a0b5235f7bb53542fe8c65ba.jar,1
88286ffcc03258a0f6933adce36e5398ad74afe031d4645a8da0f618aefb88da.jar,1
882a660261eab3b8d8fc70eec79713ad10c73c55aebc1a7fe3832ff4ded18737.jar,1
883422c817677e9fc6ec2e300471e109961853743400af114f34be43684cb093.jar,1
885564c172dc4cc894f04e89a616739c.jar,1
8864e480d886b36ded07ee9af7aa2505aa0f5647824a0cd8725dddd51a4e6ac9.jar,1
8886ebbcae08b11a96c254ea29f0c4aee15eee5ce85177dd562aabb287378e7a.jar,1
88c487476e65eeb40777c92a33a1aef8458262bca79f5849c523a9f252114d02.jar,1
8913b6a140ed6715d5fbe83bc9252d03f9d8705f0a5771608e90df27d5ebb323.jar,1
89361e80f7d2e2401cc6ce90724b819d6f7de56ef508ba51cf4c03c8b0e8104e.jar,1
8950053bd65b0c32ccdccbe48127319301aa674421f146ac7741d87d592f1161.jar,1
898d0a65e30c75af41dd79e1ae7420b2151255b0261e30931c646c96a025c4fd.jar,1
89c9314a35cc047ce82b3a1b305848d8cacb510885dc3eca9a45ab73e099c4d9.jar,1
89cb57d0893d936a400f13a69ed2d236.jar,1
8a0bf011e1cc69cbee3cb321a836232663fd6b0d6fd65fc258b0aef9047ae8f9.jar,0
8a16adfcacbb9ff479a8f2ecd2f55be8f793156f16a9a877ff30d8cba40934a7.jar,1
8a3cfa2c1eca307047e5ac1d9b9046064bdad17641ee08d6eee919dc36a80ca3.jar,1
8ace347dfc299b20b118aa378df3a99c7170b8e1f4c93e30efdc1da5749e925d.jar,1
8ad14630d75f563ae982f1e4777b8086c3b0af1b0debb50e7cd06cd9efacdf3e.jar,0
8b157096f9e2b836ab66316f284daacb.jar,1
8b4f1728df07d2ec1fc65c9557ba0f030e2c8ff783667e9aabe79919dfcdb345.jar,1
8b5ccfa0f46f7b8c9aaadc88b84f582c1778401e2909963f8f4695c77afcbeb9.jar,1
8ba26665fcdc0fd1f35e78fe0d1503c9d3f9719da1eee2e69d5738af0f89567f.jar,1
8bcdae78528284a03c0a797472234561fd523be8a9a822f51f056cf8e72a1755.jar,0
8c0ab2d1d315e4c0b4db91b4c9368ef2.jar,1
8c60b707bc5f41fd2dc5eeb6bb99c9da8ed8a89befdd43bf9c5e537f7211df2f.jar,1
8cd6edb9c0a515287d3b778d8c2f69b108476a8a02f69619595b25c6ce4c91c2.jar,1
8cfbee2fa8baadf18285d9b1f3e67fb151080f43a95512ddff200861df67d812.jar,1
8d0cd8ae10b4d92a012b6c9a0855ae18.jar,1
8dcccd5df86180c67df50a4cc0b451d8e00140a0c0ca60b396e82168de7051f1.jar,1
8dee689938a1809f1a8f0eec4c1eab17.jar,1
8df61743b4dd0650b82f5bbbca34dea37ed7b6e86703b3d8931e7738f27cf5d6.jar,1
8e0301e0f24c75980a1159e12ac28b45de5c79c9fb27f0699ae03adf7592ecf7.jar,1
8e51f941e056b959365021f58210ed34dbadab3890b95090987db6f87ba6ff58.jar,1
8ec478bca4a3d020b57327d4984d785bae5e1b460c20bd4434c1f3fc1f1a5920.jar,1
8f03cc388cce48db73f799d764fb21a2.jar,1
8f3eff65b7b3c1ba920ca1c25c81dc223fe00789710c55391e47f5be8fffd1bf.jar,1
8f4dac5a340a4f8b5a3f1e2fa1ee069d06dbeddd12184b33f842f9a03ebb4889.jar,1
8fa51db15722c9e5ae2ff0344cea3442c090a70f99ebf382e65e39ff1645e37d.jar,0
8fd66117acabc88ce5fbdbf2be4ea3e80fbecf5a43236185cc264c52ba09c8d8.jar,1
8ff89b316cfff559271ce4cb82584816829c79f0d4356358889284c822162c43.jar,1
902b3ef74b9b4a6a7193096ae81cf821ffaa34dbef1668f34f59d9fa4d2f7530.jar,1
90429a8da2e9b2648efa8b8162925cd1.jar,1
904dc05500cbe526b15a97462728b312e224e80cc3348e513a79b9fc19579095.jar,1
904e088e5ee6890f24e6bd5345ae34a678e6dbab4f45de6a6f9ec3ce6c718e76.jar,1
904e86dc4c1695298b00ccd1a487d7941c0d294415c60b17c007889dd5d60ba6.jar,0
908df115af237c677d1ba4f9f8ff3bcf73dc5411de9f2394b48f0cbd2c19a86e.jar,1
911c904345abb683ec3e01f45235acc28f54da063c8b7dedc0da21c35c18144a.jar,0
912d5211d7b0b5d278b15fa68065d7e7.jar,1
91332b1810b802f946a676e08aad74fbe4b9546ac44206e81211022fee4bc340.jar,1
9142cd9dcc9f93149bf951e391b031d2.jar,1
915f9729cdabf393edbe235fceae433d35c2b3930e20311e7dbefcc65e50fc6f.jar,1
918430206cf8bf9992f2ab742a66ccfdc5c4f0f519eda4e71fca09344481de68.jar,1
918ec35b6650c9c1def43572203108e0.jar,1
91a2ef057c811c5a16fb0e0ec4608333eccc163c09acea7b0ae3f76c266f0f4d.jar,1
91c52cf5194df4c6f2ab6fffe0e84012ade96c515c83f46ac97f94808ebbda4f.jar,1
921f13ca60c8d5503c32e0f991aded76.jar,1
922f41ec696ff68fa3abfe2926f7fef3f2759fa451b79271d03b97d8a6028f32.jar,1
928111a62a25ff3af20e627c8ab5edd0f333413988ea4ef90f75adf7cd5b6c39.jar,1
92831dae3540bce4f1c62927d9208ac199960ed0a5deb74d537bd711c8a7ed05.jar,1
92977f0110ba56d9115a63f8d623db13ac61190979311f8d8eae2e89b8c28cda.jar,1
92ae68507a6567d1a0ada7215261d786.jar,1
93131011a6e5b12cb129eb57ba32b155.jar,1
932af70dafdd27b740f09d8573edd189638b098cd05e80dd09272a53f129d9c6.jar,0
93ea1ed8674d231e6c8c444c2809949cdbfd754a0c6ca0971c5b18f773904b95.jar,1
94058177a99ee9b2f75d23dd8089ca78.jar,1
943180f5af9aacd609c9633ef1e1d560.jar,1
9472e1f88398e6d9def243c885be3c0f.jar,1
94b2493ff50a0be655ea1efae4bfde0e.jar,1
94ffc584bfe9b6f4d018a02621b67546514da679b1c0d14516ab85f1f167cd79.jar,1
95214692de286ef89768ea14d5918fae.jar,1
95325c40661f2bfce78d8c9793a672bd7b9dc0783f154956924385e1615f9a65.jar,1
955a9efd077b8c23db1481073b13f979.jar,1
95dd45bc7d3ad79b65a248b429d37688a7fe7fa78fb470c060fc269b0586ad47.jar,1
96411231a3db323ccb53de3dad0fd7714b0140dd9284cabaf4eddd22055ae047.jar,1
96a3df058666577a9661e98d8cf26812.jar,0
971af9073e185784896b2b3b6620133de0c67c3fd5c98a2e506ab775fe2fb4b9.jar,1
97385c77895c2905d48a0a33f01e3e6d7e572396ccbb82ca20915d9533864b06.jar,1
9758c4c1b419d4b872d4e92bf33d83981e313e8c7c1262cc725f28031560890e.jar,1
97c26a97b0fdd553de51ac52c038a758cbe279e20faf04063ce7d266eb417934.jar,1
9817bef16d6aba24212cb9c4d191962171cef141a07c4f853bcd3e73e2c7a9d4.jar,1
9832cefe087a788de0e340f4540e5fab.jar,1
98caab7a6ecff1fd8132f3a16bcb5e56.jar,1
98f5acdb21e8b8116fe5c7b4ba17d0e9.jar,1
9a28bd2dab81c3f8b3e209581a10696a.jar,1
9ab88801ab9fba6cb033b3d8348b6c6a.jar,1
9adc029f5b9dab2c28b025e61a456fd0.jar,1
9aecb46fa89ce88a188f01ceae2c10cdf6cdb8768e726da4d366bb8aa93aeb06.jar,0
9b02382eaec4f21687553f49daecae436877d585e822798582221e6e55c9347a.jar,1
9b08baed9f4f7e364f5d0977ca1688b95082de91849f73e73fcc8a60dae89e15.jar,1
9b367f931e0c834edcad1764f36e16981f12582f571612fd2d09bd702d2e0345.jar,1
9be0954c8fe32a20f63971fdafb5818307be36523e18a6fda55c3ae69a1846ed.jar,1
9be281ed349fb583f3dee1d7b8b0c7e2606b44541f10a15ebd562d3cae2ba76a.jar,1
9c7fc51d9b11381d7cbdef16dea123d384455f9d8828340337a420dc21b8a0d7.jar,1
9c8248f685c289a856023c0467c1345104ca58a1a865847e07bf5c9eea60b150.jar,1
9cc00676e3abeafd93c15f636f25e3b4.jar,1
9cd13ffb2e5eb7b96cbfb3cc3b10e223043940daeb51aa2e68983849673d2dc9.jar,1
9d2445442eb83c9c59c2f82d18b17b836d2fb9c252bf04d53174ab90d5c924f1.jar,1
9d92ec1d3fa69dae5545a49b3071afaf12cb1bfed0970f3bdf70dd96179eebb7.jar,1
9da5c0c751c3ff434f2b08d082df8356.jar,1
9dabaaa64f32d2410650d132d18f16ef9ea8292806f67cb0e3a5da78747a7e2c.jar,1
9ddbc220e6d4785bab01479f6a3edf92.jar,1
9df48b67b0570e6b080cdc5263308c99.jar,1
9e324bb1234325f2d2c69c3e274224e8d204d3df6a34c15136203dc73316ba3e.jar,1
9e42f79837bf671863538a5623a0cc51.jar,1
9e648cd17a82a04e652c3b729407f038c0eed5d2f2eedc693f148bdf3cd0b016.jar,1
9e7cea98f75591fadfc70417446fd266d9330be1c5cc04055b89d908954c718d.jar,1
9ed74444021cf5ad4e7dfbe533c36852b38fd62645cdc8bb5e3b926f1faf964b.jar,1
9eeca0a7914d39fbdce790c96b01862f684e4453d8cd218205ba0b1cd563ae4b.jar,1
9f63d276056896914080bacd283c2c0cc4bf2122ae7513bced4f138ca53e8fc2.jar,1
9f9ad65a34cfbf5ef9ffa975c05b66cc170b696c7f2695d60711c7dd5f5163b2.jar,1
9fb58d80a106c6a46d987b03040b3fcf.jar,1
9ff5f712e3f60b1722c1c1d93af310a8e33cf98e687c74797314425d096293ca.jar,1
a002f82ab804aa9976005619bc75c26345006c67a454b39fe0e404a14af7f705.jar,1
a0278b5e2100e3858522804b7bd6a13518f0978e8d8758e016bf139f1a8f379d.jar,1
a06d840a2a88602dcc2b476ce0cf40a38db0e1964c9c2cc5cfdc64b78eacea5b.jar,1
a06f77c8bb7531d9e4e1a937eba304a4a05c260db0b8c2359af6f5fbd639e0ac.jar,1
a09bd418135301dda8febee571195e39.jar,1
a09e09e64424a68934abff8732f2e5cb.jar,1
a103d19d41bac4a5f7fc3e8d4d4a56a6fd6a5a92c21d4b403e06b7003c8655b0.jar,1
a12702f5fe66e9b0ac882e165a440e47d12e85ff5cf75fa594e361ff6b7c528a.jar,1
a18461ff114a58a67d92bc2df76ebdd4.jar,1
a1cfd2bf51c2deb6e9ab007368acb62f91d207e5addadfa784b3e423d2d14255.jar,1
a1ef033975e130591e2621fb7e7b2c1d8ddb2472220892017247ef541da8de77.jar,1
a266cd87d86b2f1b3365b9e00c013010d2b53b2a6b10e3efcff0eeef8b035f3f.jar,1
a2c344b1baca8ca3f156ec86dd0911d7d1244c665be5a02e16ca8e88ca79a9a7.jar,1
a2cfc9c05f959a07042a5cb4fba53395.jar,1
a2da80dd00a94375166e1827e35e7721.jar,1
a369a221c8260826477d5cab69b0b03cc1b289735363ffab2ae87ea70a9c7da6.jar,1
a3b480ce2b82d4b08f7e904e497e222753a731875d67fe5de99b2b144f7ccf48.jar,1
a3d705570e852a87ca509bdbd0695c6abce2ffc65a4b160daf80704cb6f421ff.jar,0
a4218f0f93042d3464205b83beafc8ca079ee724f23b904f7ad0a3841a3aedaf.jar,0
a4f9d192310d27d02b6c0cbd331e73cb488bb4e3831416179d3c25c5ab16cd66.jar,1
a51e79e711fc44e764ffb5c91887b6a4846678fc44f7dd41c6136624bf6f2c4b.jar,1
a531fc6686dccc8252b021befd20d7bc.jar,1
a53454834cac08319971972f25d800d5503572a2b61c6e6da4ee8ec7b4f584f6.jar,1
a558c0cdca29e054f6e02f4618858181.jar,1
a572526820f82f30b162de5274412414.jar,1
a57e9db3ace55898dd753a624e38a75cb69d20e31e8382f0dccb52a4b2bf2b61.jar,1
a597b25d299ab2de3942d5d181dece3a.jar,1
a5cde75ef65d46a8806d494d26698a995cf204eef17efbf5f7d39b5928dda838.jar,1
a6091a6335ec1fd34e8358010c044270.jar,1
a63033d20771b43f5b2f83273baee3ae.jar,1
a635ab4ec8492d9c26771aa2e50722f14e6f87083aa6dd89dfe64ebc5412f217.jar,1
a653e06067c5300375fac7f717f595f25faeda962e3655c1e30684acb9d9ae3b.jar,1
a7024f8648dbe9411d942cf5b18af4fbb8e1f2bf777388b1b15087126dca2389.jar,0
a729fd16ab04c2f4731bbe1bb08220ead5e010b2df0249cc02f0cbf1c9180060.jar,1
a776196dd07324fa317fb8bbeabb70242b3ab4e8ace9ba62eddb9d41a60449e6.jar,1
a79368dd2dd102b0d70a3fd0689e5a2b.jar,1
a802b9ac459cb8a31954ef86cc6c946d2b36e9bec43fa949824e1ff33f685edc.jar,1
a8048ca4c58727edb691c12010325771d11dfc0e3152e802c0f240d19eac1ad8.jar,1
a82c944e8de860c5098382980896f982acd19016af3b450172ec345b72827db4.jar,1
a86052ecbe884eba4bb4532049c4bd2f.jar,1
a892a3cec51c2dc727df6902d7d2c2c0.jar,1
a8a18219b02d30f44799415ff19c518e.jar,1
a8c4092020e7e942e046e9df801f01d4.jar,1
a95d4cd33efe5fa24743fa2ada806eb116f26a707247cd8f8fb00fcc8bb05683.jar,1
a9a25c3baf3f70af021291acd9277f402a61adb0cf1eea4f263ac675f3494686.jar,1
aa081911b619f9ee06f4d10cc7b3bfaf.jar,1
aa84d9970a21f86e0657eeaa648aaebb.jar,1
ab027db0d44b445839ad32023b4396da.jar,1
ab26f2926fb2272701630990888bc96c6e0eec487c48af7216b58aac8186e350.jar,1
ab3b9a785c5890292dcf70aed97f5981468556ec6f964445f535c17913c3f74c.jar,1
ab71101336a93359de3307a09342477d.jar,1
ac15c658507cfa65536487baab060ef5.jar,1
ac3f65a6f0ba3e101f4740d060e17990.jar,1
ac718fd470592d7ee950f0f6c53d0e170fa70a229ef9694c8863f9c1b52ebda4.jar,0
ac810e630258a118d3f7a868e0475a7c566913b97a27c944ef4922647895bbab.jar,1
ac9c3b0856bb91b40c8726a68ee0df3e.jar,1
acab542d070cd509c593af7a7a5bcc9bbc4a59da5dae5fad896d7f347f6f5e52.jar,1
acb0f9d7c71ce22b87370fdf987acd25.jar,1
ad829f4315edf9c2611509f3720635d2.jar,1
ada58686c1ceb582ffb4285be9b393d9ccb48cf32bbc832bd91041fdd520ca99.jar,1
ae2e9c1692f35467683dada62a84c1f68404df45795b63b7d80bb3d423134018.jar,1
ae2ef80ce9b8f2580f86cb41471c867e060eae5953018b287b20ac270c040820.jar,0
ae6d41765b345d791afe5be9d346e0b048478d7efd0831f0b8c65db9acae4c66.jar,1
af077ccdc191243b6db4b9715e5ae1a09d6e98b4f3a1a5330ae38de0c6391ba5.jar,1
af2282169fd256121196373e4a1171e44ab0dd830ffd5f2b49f5b5d0a9f6b473.jar,1
af6cdf5c8151cd9d772522086093090b.jar,1
afbf6677ad6eb93b5f73e45f7543ab0e.jar,1
afc844bdabbdac3dc27a5f3b5fa3f549.jar,1
affff69b1fc1cdd36beb17375dce2376781fbd8afab288451ed2494c0a33c39c.jar,0
b00c4df2da1f325f757ff699bb0330adbe461a88dc5e6e35ca75838af6e8d973.jar,0
b01a74ddf3f63300759363afbe3c3989.jar,1
b077beaf7ccad47d10f31b26a839609c.jar,1
b08447f166d43fa052666b2925aec43b75567f86efd52bdc9131d1cbb87e5ade.jar,1
b08ece8cab24833bba6e69ba55640c03a1e087c9cd341f38b55519602a7499b6.jar,1
b098e8ee3c299c17772245efaccb7866.jar,1
b0ad112049bbbbe84f6a3dc25ebd6ce2.jar,1
b0c02ba96b4401089f484ffb45904af4.jar,1
b0ea429e6603c052a1a2d5c3d7b556b391d37a300112f197985d583a7613bac6.jar,0
b134edeacd2660fa08f2f5a2ea916512.jar,1
b14ee91a3da82f5acc78abd10078752e.jar,1
b17c86011323229fbd79da59ee548b8706eb1f0c5c683fb7e5c3669a55b8d8ff.jar,0
b1c3fb117419b90afd1531459bc2b837.jar,1
b1c54b134f69cda656090b49dfdfc51389c0ae0c5825b2b9812d13d58d528f21.jar,1
b262e5c9b0d55358da55dfdce00cc13236d8d3e29d52ab804aa620c18e5cf896.jar,1
b2ad50ba99dd2f8ffe6e821f4ad761a5d0f5ac6269f9ed9ec455d67cd5eacfa8.jar,0
b2b768a6936a7e91016f00ef74311674.jar,1
b2c354aae67e95b12966f36229ad10d871c27fa4f733f9cedc35effc65e32e7b.jar,1
b30f5e7c8deb0e93f46c98dd559df30ab6b585a340fe72a8f512adfdacb95eb9.jar,1
b36159d9ccdd131a85f6a5fa0cbc5ce5.jar,1
b37097071d1d182decae211680dccf538097a8b84803a95bf6b38d5d08100977.jar,1
b38083e2a28a8ec2abfd16baafd80764.jar,1
b39936b859042d6bd4a0dc9669c8efe4ac46dc01200a6bdd68f522da04fc992d.jar,1
b3bf7187849d17ac9dcb87570aac56ff603af93d294dff193b333db356c7aaf8.jar,1
b3f260a47358c7c685fe3b1264b580db86496d5612d78a943e89bddca2081eb7.jar,1
b41ec5533bb35b92d02ac39dac6de0d4.jar,1
b42c8b2f74ec67f09a5b3fe4e072168612b488f0db2f77a0d7a0b6f49f2ecf72.jar,1
b478ade8339fff99acb0caa05f4e0ec4.jar,1
b4ae350481226c7025b0e24354e6893ad061446e4293f6939a861268605a5e16.jar,1
b52f595bcd319fb9a253efa0c694fcaea8662b0fd34bb384612c1006cc112bd8.jar,0
b5491caf5605fa7a963d78fba18df67d1c3f29c21ee351a2f75aec005d273742.jar,1
b54c02db8dc8425c9506d27196961ef355014b5fba62fe73db097a817b7be543.jar,1
b59a69134f715da9c1def3f9a75bd4ee19fe74474a0fdda4e37935af195617dc.jar,1
b5b477ebaab22c5f9762dade4ae08177.jar,1
b5ba14af96ed4c62864c7a6659bcbebae1988edd0907c649c36b6c4ef6b67be5.jar,1
b5ba182bc5ade9da2e2098bd4f0b9cc1.jar,1
b5cb957e53ad1b9bc243dcbef4909dc0b66e4702981bd019d3e7485be891c29b.jar,1
b67f5dc6c190b29db9b70d589f0c97cdd82c2ad4c49b97390a061eecda5f3aa8.jar,1
b69cac360ce71705552fe23fb158cf45a55aa2366ff59c44b15f3eae73e8bea6.jar,1
b6b41f00daa713f98a2d89aae60de306688576cfe7e9186eb0d8e4821a6800b6.jar,1
b6fefbd067681e93cfbd1ba830f3f8342dd8774c12fbcc985ae4a6c4d262ec7b.jar,1
b736084fbaf04b8f49e143a995d8f0d66e387126e69225ed7d117e357fe0a3b0.jar,1
b77ee14dde510ca83242c3565f78c3a4dccbd82d1534ae4d7ca2010ff70f1ebc.jar,1
b787c857cdef1a79da35dff46c65956216e2074450464dda6a89a5bccb703c08.jar,1
b7a0079727fdb7dcaeb4cff6cd11887cd5a0f890b0df70e0cb854c6f0861f55b.jar,0
b7a3722e3cd985aeec3bfaa182984b9b4685645fee1c2f34de5213da86f3a1c2.jar,1
b7b08a085efd5aed38eed1abdc3dbdb64687431abc74f6b94a1f87bc12578f63.jar,1
b80cae73c7b6cf78b93c49b83eeeb4559e633676f6d43b115364bfc2f5913a52.jar,1
b8ab2b71734bae165116ef90cce889371a00180fc2c4a2a7b67b135223a33e5f.jar,1
b8eaca0905fc46ad6f69320954a0ec35fcd571fc829ed264a908c7aaa2b4eb92.jar,1
b917ac77af33cfa96bde3114358cadee891580c30bd00fc21d47567fcbf3d232.jar,1
b94344b6f893503e04771d4c36277fa1.jar,1
b96cf0b48bbd5f632fbab96996dfb51f493db184db30e1f4e4226bb55034cc83.jar,0
b9d50d2e05ad8dde8c3763f672caaaf337594d0f2c4ae5ecb1406e57feb21a07.jar,1
b9e30841be42c17f498c532e0f651289.jar,1
ba0eee17d8165d9c3d9a2f84258a71dff433d2eb5a603fc8ccf6b1b30bf201cd.jar,1
ba9b06292fcac2d86ab2b186ab6af0e16364471cfbf46573240d35bbfe1fc3be.jar,1
bb2cd8610c17b285dedfd68253b51bc80105546f408a7cd4e8faf455ee587a52.jar,1
bb36de5f6a00230d37a7f9dc56f48c01.jar,1
bbb87da4fc74d6e2064d83d80d4c0d86.jar,0
bbc7202dc3d717baa75282a03be7f01d2adfff533dd4349d9d5205b60b0913a0.jar,0
bc224dd6ca4fc85a2552638f8fb47123077cb37b8dfb28b7b11325929b06c473.jar,1
bc68ace6272a70691adc1231553daf978bb6b5b65209b0fee851f3c5767d0276.jar,1
bc77e5cdaa24d33ad0fa7c9ee22f819019544d07c92587f81705e1d420f9ee62.jar,1
bc9a4e5aac5099fedc1303a990a41be5.jar,1
bc9eacd7227ac9927214d6741efcc06c.jar,1
bca4b851df178e8a757d0609ae14eae486b97ec1a0693a4d92865fe8dd023d66.jar,0
bcdadb98c7168637f357f0eb3ad1dbe3.jar,1
bd081460ce6b479da9e8bcace4e71315d493ea23791f9eda446cc54c2f8459d2.jar,1
bd092c71776daa0c4c18bdbf22e3d88890a7f450a21531a05b059288b73d8cc7.jar,1
bd2ef877f531d56a5a2a93d269d19e09195b908b2f39cd8b092f03916ed3b2b1.jar,1
bdafde58e2c63bd9a4dd6a4909028b110ea52c86761e1555d7847b7dce6f69a2.jar,0
bdc561ae53aa52900af298a57b5e2f920f9cdf74bccf674735dbab318499c2d0.jar,1
be15782a7d37e7a1e76f1b4e7aef215b2c65458e0510cdba85999d60b51961c1.jar,0
be32a4b1ba9b1ac7803eac01ca4a38f96770ad27d2d434794809ba3242182b0d.jar,1
be9d8b26678dd00c0cfc0cdbd59f5510247fce9379a7213ceaeeef1c0207f27c.jar,1
beb1a9e7202ee68ef989d7ca94ada0e152fd69fca24b77083add7418680c2612.jar,1
bec1e9a4fe86006e3e32848e8b2a8db1c9e6505fe4b6a37d4d9a25e9e0a7cb8c.jar,1
bf5ca86d2b94e884d79b0e2f2960f8dc2b971089c8af023ff0e92d6b08dd4553.jar,0
bfef363e5e514addba3de0859c1e0ec75b2cfe5482561f557e783822bcdcc2fd.jar,0
bff29658367064ac1f96303526bb6d9879d1384afd1100bfc9abafb2fb118735.jar,1
bffaedde078cf79c57bef9992503d088d21ea51957558a63e510b973c1e6f5fb.jar,1
c03b0402bfffd806354962952c053970.jar,1
c06dc8939ea0c1d67171527fe9b215fd238a21367f2f65543aefd35a284075e7.jar,0
c07a08f75b573634e40de826b81eb1e5a7479f1c69a0ac2b96c247ed0130bd0b.jar,1
c0aace81c8321a8ee5092b592fcdd546.jar,1
c0d53af323707bf5818df93253f939833ef78097eeaa578cb80f73705b407cb2.jar,1
c12de2c751343813acc0295a1aa35af0e8523f012f0e4028264f4d0e3d45bb47.jar,1
c1c8c97d61298cbc22b8ab7341f80784b4c9cd665e641d2895beb2b8b445a6a5.jar,1
c2226e0e5deff937e93918e23a261749ada868b69102cf9963bf29eb60b0215c.jar,1
c248ac664abc4eb7a37323a784db529328c0f91c0ff692b92403ae792066bd64.jar,0
c296ffc1a8ef49378419ca5adbea109de2439ded362f0b2361ad6a988511f610.jar,1
c2ba07e2cd1ee0b45f911066ff98bef4.jar,1
c31445f4089c2a9018e9da605a5e71ddaeb2b70f480e74acbd5a494d1e44ef15.jar,1
c31bae1c6cf50cdd4ec8e711e823c482.jar,1
c31d06535a344c3eb0a91fc63cdac2b3bb2aab585dfee898f8cd0a029dab3ee0.jar,0
c33875019a8837c307828e2ecd03d40b08d21b47772bd76431861abd4920026e.jar,1
c35ba17897e89e5a3baf6da43280c825.jar,1
c3798dffb086b14501934c1cc8e2018f07a942f463b8888b25f7da507b8f9b37.jar,1
c38beea72955f4020f3c9c273f0335deb5d09eadaa66688864d9d5c209ef50d8.jar,1
c40a712cf1eec59efac42daada5d79c7c3a1e8ed5fbb9315bfb26b58c79bb7a2.jar,1
c42d449c51140c2fe4bf6874cb89dddf091cd906e6636ea17b52831386e338a1.jar,1
c435e148217feaba011ffce50971e048de0288d47d830c356ffc6bb702154928.jar,1
c47ce74199c32d0ef5c8dd526590c7ed.jar,1
c49d25308db0ff80e25b507dad1aa971.jar,1
c4d2576de9891cf1eff0950309a2617a11510a2e877a5957a1ad087693366daa.jar,1
c4e1b7ff537e18057a372b1ee7f4ea5ca343c4295cd2552a1e977194f2723d56.jar,1
c4f8728452ab2763a3a9f598e8df0fd8.jar,1
c52137b3dc1d700ee0b094b995b0da6d3bf13da40bca00d567209ce3cdd1a7cb.jar,1
c587df7dc7b3b7a9bc2f3378dd38c98480085a35900e1b43ad00126f70ad909c.jar,0
c588f37381cea6c068983d6f668eafa4.jar,1
c5c0a789ce77adefe0869fe1534dcd9a1eb90a8ce228606da4a0399438da1b2d.jar,1
c5cb9a50d5d1893f67e0971d8ecbb901.jar,1
c65f9725465b7b48c3c7943878b003a5f00408f6649b3b7032e383657db70da6.jar,1
c69d38981bd5fd138eae6fee712e3a615774d5ed9ce8d30966d5ab4d46a0ae60.jar,1
c6b8b099ba602f44b6b46d161ecca36ed085172d0077313d8dca2af0b3550305.jar,1
c6ea9c750042d82aaccef88188c479c7941567d08642853e1ffbc73811e72227.jar,1
c749a79d9da08abbe59b6c231ba408ad.jar,1
c751bed36cbd7e495c47612540ecd077cdac7f8ed9612c7a7b046f3216b31a35.jar,1
c76e93296ef5989f2fea588dbf7b286cb8f00fe40b494985eedf1362c5b9bebd.jar,1
c791dc44c8b7937d8db122adf5f779e4b05907e1e31eb056fe06dc3dc4ac00e7.jar,1
c79a8f611b934f2630d4b6fb91240048cc85ecb354f75e01d6a2c444e8c12eed.jar,1
c7ab9bb658d47e51c2446498f481260c.jar,1
c7f25013b32d98d6b2dff1cb775c175956509171d9ae579cc81147da2a6e3d20.jar,1
c80be2134a7e32c4e4fde7991a9dddb3b38ca18b4007e4226f8db0d0ff6317a3.jar,1
c82d09dc7e88fbaa8585728234aba3f72af8f3a1d588bbadab722b622f3e2aa4.jar,1
c84a0c89b3cab38dc277c2e7c6115322.jar,1
c882fc449cd0ca0348938fec76bd0200a3aeadb6d874728b5f15ade967c72c17.jar,1
c8a7aea9607e0a9e51fa00e778195e55ff4bc018d219964c986120f9ee3b41bf.jar,1
c8bbca65949b22c27927e6e300071fe1b1a995c5b2adbc207359404b4bbf7803.jar,1
c90d47d7a103626ea3b4c50e3fed1838ddbfd0b754cdd8fb30299c8ce9938fcf.jar,1
c95a2a4bf6c6ebc506bd44e1bffa5d976492fe790e4aad25877a175446bf4b64.jar,1
c9ab7ef84ff8d0d6b35290ec1f0ce734f47c6b6ca46707c76356cab766a0f873.jar,1
c9f41eb3b11148ac884af6c3b8357a894169fb584f3727afafc397c0291ba41d.jar,1
ca0c5787943929cb6e8efb4403d58a9524b3afcb1bc0da075f8da333beab58bc.jar,1
ca1a8dc77895409d3535d5b71421842b.jar,1
ca387dd7da00ab25ce6ba103baca69def6babbc0dc8ccfa2fbc901a37a7de364.jar,1
ca3fab466bd97a3a8f0d7654d2ce5dfe705760789a54bdc2fcdb3527c60fe575.jar,1
caac8878a9edaa3acccbfead8f029781de7f53d6bd446179fe55b17ac3f02ae1.jar,1
cb075b05e056c6ffe8d15f29c63446ecd63dcdf29b15ce9b633f0b7a2a3fc260.jar,1
cb336721f3f3cddf0cfc0958ae6c23e08813591e3d220aae3c5ed26e424375dd.jar,1
cb42a1eb9472411612fdf593cfdeb6c0.jar,1
cb7c4b46e4e2cb8a1d2c5cce88c2bd623e2241777e3a4bd9c76c9ab3d25e695b.jar,0
cbf14c504e560ccb84af825d705b541d5d0fb59d648d5e6f3c74ae5c8a258691.jar,0
cc14514e13677459b23c634c2b4ff05b8464f0955aae97e913a47ba6e92125f3.jar,1
cc89acee9510a7f90f623378d2ea1de1.jar,1
cca17995d513b9c7492879207e023185b87b076216dec8d501dece7d3e6dd628.jar,0
cca921c829dbff339634cc100742feba.jar,1
ccb2826c926e4465ea8ea53563d9308c9847d2ce84b8c82d4d03955a9d25fc51.jar,1
ccd599ff8eeddf36e5d84a35621757e1.jar,1
ccf5bc0992310c6174365e9c65f114712add9595904945c575097d0fb568f781.jar,1
cd5969619492eb85fd5a2aadfdd8c0876333e4621152e576b92b19a37e939133.jar,1
cd6fcb31569c4b4a7e75022771964925236a8e3a185b3654d832bc75d50e4206.jar,1
cd74d0b9dcb08225142999b46044133ea772dfeb122ff89066bcd35d19005790.jar,1
cdb0960103815ae9f9f8236f4b888c2dffa506ff47f85c47d737c3b94af6e8d6.jar,1
cdc56c77a18d2b25319029614c80be1fa5b5fd56e09ff4becd3859d2ed0074d6.jar,1
cde1c4bb67d3fb29f046f2079f2b4fa7.jar,1
cde3d0f6b0519bea4933e2d4846aab0285b64bb7c692afa202f61fbc967c12ed.jar,1
cde75bde6606ce831f83707fbc6fe33c4c88a6e50d1e42ba2d5eab32fc8b299f.jar,1
ce21ea5e25fe92ef6fa182c7fe588b050021796ea880e277aa7acd6e547f0994.jar,1
ce2eaa1831afcf3fad18fbea169d68385868d2eca175a836bf1f160a78327124.jar,1
ce4604743c22ba7b1ba0e7c97e18b43ee0a6d57a65c8ce56b448131b39f5b555.jar,1
ce5398a846799277852843bd77f0e3de35ce58a8f1c48a8b3cc593aa577b41d3.jar,1
cec468dcecdddadb242dff32e02cb145c79717e70515488fc1d4c80200ee187c.jar,1
cf06ba99688a22e10d07a13cdad6ac6179bf4d941b0ed34758ff5a878b39b2cd.jar,1
cf0c479205c7bb74a81a7eaabc7e2815.jar,1
cf2ce7308da2b25e584f60bbf2d26b8f.jar,1
cfd5ff6c8d4aeaec318bf8a143d1847b7196a8c40fabe9f108ba2d37d57f53b7.jar,0
Client.jar,1
d02b4bd4339e1e23527173c6c7305949.jar,1
d08a1ef18ece67523e291213409898cde6fcb87dc77b5e588161eae57e901705.jar,1
d0ab297e77972061dfd0fff43a25851872dec126f4fc19364c640c21c84f42c4.jar,1
d115f1782dad9ddaf76ed24f308288bc.jar,1
d1389c4bd025c053d954dfc2af656880d014d8164decc6fb4b5f20bd00062090.jar,1
d1573b4a22441a75e0eed048919e6213bd1154c6ceae96e7c7727842104fb1cc.jar,1
d19e6201d033366ca89123177f5e53904f06f043dca06d162578920e064e34f2.jar,1
d1b637f75e40026970ac83b713571c801731ae89d54cba97caf0c1bdc57777db.jar,1
d1b9951a57eae9161d695aa8ee8e597cf2303fe5ccdd930af887ed7987d2e4e2.jar,0
d1ff331ac0212c74d0dd459d708da8c029888c36214af881ec170ea3882f8d82.jar,0
d2c7d1e5861232bfaa14e1b6e60552a9.jar,1
d32bc5984b05f73571ba395f733eb555.jar,1
d3610e45db064964d7cee3b2f295f235b9ae4650266e27c5d88d683f439c4550.jar,1
d37a0748336f20646c6b460cf3cd59f5c8467c05fce62d2be94e18e65c58bd73.jar,1
d3ce6dbd7345b1332571df2410f06bf8f75174f40464c0fea26a4956e1ce41f5.jar,1
d442f0733815e462aeaa718e6892f825ec32b82f6eb72c78fafb64746a59c397.jar,1
d4a142b9eba6dff66deadaea2777b5ce1d7fc551f94b5e7f87ba6a84709106c9.jar,1
d501b32b733a9c42b92cb65122079b8e.jar,1
d53cfc39f20ecd0f88380bf13513d871.jar,1
d59edbb068df085be96ce0b6db2faa7c.jar,1
d5cb1f83a427b3b0ac75f4fe39ba4d8c.jar,1
d5d7ca3d50b386e71c71fdf207faaaa736097a325c6f5ae9f2c27773464b2c45.jar,1
d614901d92ba68216a6337a69c80d4f6abfca0f7300a3493235060f80d75265b.jar,1
d645ff1550262f29e2ec51c6b929d874925db52a3f74c6afb7286b2890850e7a.jar,0
d65b7adfb9b8598b85f4e324201ba7a9.jar,1
d6b387601bc986feeb636fc3ad06b972113fabc3a7299e65c2557bd168c2c77d.jar,1
d6daadae02394c806802ba3a53e29dfd0c995e71db98d6e951fe04fff87091e7.jar,1
d70dd9471a14e443b6f7a53062b37302.jar,1
d72b40d30d514f9158dd837f501c14012578e3afe1da63e39f27248cd3e4eeb4.jar,1
d72c1cf0d13976b0509c3fc5e69a17b3dc9083691ec7aa6d044f9e25820c34a8.jar,1
d72c925d4fb88ed3da852212c892d22e36f5352335b11cff8fd885bb2176697a.jar,0
d738d31ac2d9ae1c4ca35d488a5142cefbb783fc34df38eba1643156d907fdb7.jar,1
d76c5fcac56f5719d35c2b4cade588640a334f09cfc090a00195081b4b0a6f7d.jar,1
d7829ebfd4cda4c6cd27b15997090fe5.jar,1
d7ac363befe051fbfd17d19098dfe1ca.jar,1
d7c8c53940b6697e54f927834ef4a7c1.jar,1
d806ba4a32b64734f62678352a7ff067574bc5264f543811b8da1e82dfe10792.jar,1
d81649c71fc79f5f1e3b5dbaeb6e85623b2cf3453142a25c0a7894671f80d169.jar,1
d81941266183f660670c1a7fdf57cabe2c5fd1531ec4c84df6280f154f3c8b81.jar,1
d858a274f48d62d710ec65a7022a5adc6461b09dd42d5c075b3525cce845036c.jar,1
d86c3c7d2dbf0627a8e539a93eb8def305dc6a394162f87fc53733e8c50812e9.jar,1
d8e1ef56b4e068588e15ecd6a1ce7205ab281cb1601366369c39d280053b1461.jar,1
d93081cd5585e41c642ca14c71f9c784741443d5ffc2aca3918f5ee94ae09457.jar,1
d937a573513337ca11820cde6d49e31f9651deea72aa9dbc30bf2daa7c1d5885.jar,1
d9383753355c2b972c38275957004773.jar,1
d997a232b22c48636ce94ebf8bf865e0fba4b4532a40232773a7bc2b6e03b169.jar,1
d9b7928567875fde20d8f1572ee87a0e1b528d18bf55c66c087919d65bf98971.jar,1
d9d193658ea1555124854c3c827e4391.jar,1
da2f714d3f37b420c5a2657c03274a1c15c77e22d4e1d82ed3297fd1db81f3fa.jar,1
da3e96565648606b8236ad7624b50ea6.jar,1
dab3c8adf427093d77da799cb8af5ec2866c8c0ec8562d281cf4ab99047615b0.jar,0
dabf0bca9533319950e1809478a40b53.jar,1
db086fc10569e8b8714fab92754bb788.jar,1
db2b0d0d412fe5d60126850952d5c9f10c017beb02b57f5bb69e202f7feb4cb5.jar,1
db2c89f8f88ecdd0dc614d42c72df1b918afe7305b8eca75a297e2fed1ceea33.jar,1
db7bf5e512d7362ea19b43679f4be77c6d2e0f3daec6a67386d15041169adf49.jar,1
dbc13d359c24fb01792f6ad3edb47c03.jar,1
dc33943acfaeb2b98b0798c8b87d11037354deb8a324a21062f9098fb1b3922e.jar,1
dc62fa5d9d4dbd7a13f6d190b7c7834c715be5d24b1146803dbd4dadc15eacd9.jar,1
dc7f20dac3a940372fec08007bfdc8f8.jar,1
dcad7b1c9b1f3e8a1599aab37992051c.jar,1
dd2e6c5eaa1ad03cee7c9056c0c7631cd95d7362807763275597809fee1f5d58.jar,1
ddb6b770be043981fdcc1046451be568ca1ee33813bf30e86f647acb77c4236d.jar,1
ddc0264f82a81e5c3070a77887e7840f0fbde2949b742b74381fe8ec39daa9b8.jar,0
de4b6833f9fcc58b7be0da48dd3a3791c640e115db73680536fad4a3e1ad0faf.jar,1
de8bfe128bfa52a5c4482c37b7e565b803186e8846425413ae34c4771af98aa1.jar,0
debdc9368edeb182e00c2cb0b41a3cbf.jar,1
deef9c54016899f4761161fbc23e01db5ab4d0152c3ad13b9f5376694beaa356.jar,1
df164eda5aa5c158a77af8d794c41bc61c4e59f89856b8ebe6d6536930f345b6.jar,1
df64df82b18e852a3b662b4b26e46a1077fd298c0b9133ba7a8f084b988a4b0f.jar,1
df8a52760ff1f6cec83ba9da00244c958d20fb7a9dec429b61936c97364bd94a.jar,1
dff82dcde7d70926fbb333b9aef853743b702404820705705e2ef8d21e75a36b.jar,1
e005138e40c5240948657e45628de286.jar,1
e02acb61ee8142f10e4d06598168fb9bac380cad694b9781a331befdb73e37e5.jar,1
e065c2db9a299198bb85800ae462703a54f7e63257c790ccdf32ea92da097365.jar,1
e0d48d147db90aec927ad7813ada4babf2099217b48197011d1ab622fa5ee61d.jar,1
e100cfb0a477b12d98532fb1752ba5c5111ce3c706a7cf107c0be97ec6a3eb37.jar,1
e130c52fd71ca568478abc1c8b6f03eb73101c4bbcbe0bf1f5d2c88e2f8e6d08.jar,1
e1428c399cbce1c124d2700689d5e9e79c0395e239e3055607155c610b6add71.jar,1
e1acc56f7012c22a6f16b8a505318a8a.jar,1
e1b0852153bed4a45ce64b07c582669de2ef2588bd48c57b4662931c0f9fef41.jar,1
e1d6f319e4b448e3e487d6c6ab0b7b4172e2059abc90f7e8156fd661cbb1d513.jar,1
e1f24c01d0b73087498db84c78ce75f6b3df6cfde1c860676fdde677d8c8a80d.jar,0
e2040bfa43f450193ae22eddb47a408bc81270c1e180c50a70424bb535bdd226.jar,1
e21a5aaaad4cf5ad36645a35a2173fd2.jar,1
e2453fe9cade2a6ac368628a2b17c794.jar,1
e254b21b983dea3b31187229fe788d4c.jar,1
e28c627767fe05831e29d27494df463d277978725fa74b4bdf18840861e7781b.jar,1
e2a22aa95d4217667b041681501cc4f21892a7e8f2d7ff8e479705061dd33146.jar,1
e2af2abfd29faf04991e4106528a65260c8173c06b756c124399ee955bec08c1.jar,1
e2d42633ec6661bf47e59cbc15dedcf0c6634e0bdeb2ca2d2fd34da3b35c1bbe.jar,1
e36a2e8fc5fa0253a70bb965aeddcf1e.jar,1
e3d1a175e141d46b456e39f3a27f7056.jar,1
e3deac8325f269567eba8528f3869a9e.jar,1
e441c9a08afb106ce33992b875027f4b.jar,1
e46e17d748735af677add83b0ca9d4df283a7f415b2e4e736c12e43fd627e6cb.jar,1
e4787a4982b30e7966cc5e48cf5f0a4198a4b2916903caffb22efd46ea4e0efc.jar,1
e47d5aefec8f7479fb01754cbee7ed35.jar,1
e485a7481a37b70e37ffee71abbeaaebd5de34776c38615f86f38a193be38d40.jar,1
e4cee3691a144b1e7208ab8586be417ebce8a153692b735fc7e8e8ee39ef8a79.jar,1
e5e8bbf62fbd25e788a69fe72f5fba224693a66d2b427ea9e5c3c5ad9bd116b3.jar,1
e692c0ca92af826d8e9678a29b69fe6a3a88a0d704fd84f4ef39a2b9f971714e.jar,1
e6b43893d49d522864469d81499e46121eadbe089baf0657c23b15b91c973180.jar,1
e6d3bbbddd736af393d8d91c045cb7ff40525feb0ec719db06ec1d8b0cc84b5d.jar,1
e6e4b1252b7fa548bb5366feb231414cb81d21d8ee6515db76e1d412b8bb7828.jar,1
e706d538583616334fdeb3b788be1e6b40987b95a65e6ba9eff118bbe28e1c50.jar,1
e70cb9f6f4f395635ac0b89f70d3a03c6213f32a14edcd845a88885d193bdfb6.jar,1
e73e250d17e35bd7869c9b33854cd12c855de2ffc424a4c13dce61169c56b38c.jar,1
e76b973b315c69b29d97e054245a808c3a6aeb00dc96da10b2d600ff74e3eff1.jar,1
e7899d2ce56614f8e7315b6b5f584140.jar,1
e7e17a1696650800dbec9776158a89fa57b4e946c05d6bf03dc6fd43e879a172.jar,1
e81128b5a70c0f808dd7bd41c476b96a61a24e5cf41d8f8e0b6b5c2182e11a64.jar,1
e854951018c420a158537dc3cfae78591fc164583eb6d5735ce14eb3bcae242b.jar,1
e8bcb5b7493fae5524b760635efbdf017c26c3fd62aa416bb1c582d3fe69b5a8.jar,1
e8efc34b7ae2a5e8aa0f60869e650c095945f7369a13cba388cc03a42602bdf1.jar,1
e9150280e69d78220d524863876c39be.jar,1
e934af8a5c7d05815e0540d4386169b6.jar,1
e981d507aeb1a553827e895803d946259fedae989c4ebc53ccce558533b3bf91.jar,0
e99cba9a1ff350f74dd3a7795dee0a9a92135deba5d40a8bae1069d3cee4fe15.jar,1
e9e05d45a450ad6aafa8d07e97da005a.jar,1
ea01f83161ffddcc7641b564e7f1254e.jar,1
ea25e79ace4fffc65408e2210f7e49b0.jar,1
ea91b67152d448c2e6d347efd560e294.jar,1
eb0e917a0f0f5edfa025ea363160777c2cf35844f2cb44cc929f69758980155d.jar,0
eb76c8ea9c1857530e537b318eeac0781f7bbc68ad9e0152bcb2db5a8af71d97.jar,1
ec070b9f90b8969231390fc908aa5566.jar,1
ec075f727ff02b9618ff70368cb98bf4fb3e25b50810f48230512595e95d5afc.jar,1
ec19b27cf21e9e9c11f4a5ebcf2dca658ace56a2540995b89d95674f75b4b147.jar,1
ec1e98e8f34938829b5de6f7488a6e3874743424755edb6638a5f07aed462da7.jar,1
ec63dcb07c17a4588288d725c6104065.jar,1
ece0eca0b6b5c1f09e80507462ca5d046b2d3051e48bdda670800c48834e45bf.jar,1
ece78c027ac9f51323928365792d92990b27c07dcc5a22739992765b8f5cdec5.jar,1
ed2d4f9d1461031136617e9f46a1c641.jar,1
ed2f72b00751ae6769046bfca62ffcbf8d2fbc4d0bdcd3c40448d97a0da00a75.jar,1
ed32ba7e4378c9b57f45cdc32a7ec65e5dfd30a4fbe04b3434f016d4cd0299e1.jar,1
edea520edbe46d476d228a6d683e56fdf2579b9bd0261d5c0c0de46d1ad0015d.jar,1
ee0d964365e63ad22d82339c188437cbf399d58b187b9601e08dabc61be88983.jar,1
eec063e54c4eb818e568bde4f742efb075c691a9201d974291c6767bac7c20a1.jar,1
eef5d4cf335b086fbca27b0f6437795a64694df627e4415d77875de2d79eb5d2.jar,1
efae16c1a817297f73ae74f4edcb3c18.jar,1
efeeb320e0189997a4da24b58d497d1ae7525eb5e9eee058db6db723b378b4fa.jar,1
f03e9fe0debaff19f3d1794e323a2f2a.jar,1
f06374e66909e94b6c6c963f19a9925686c38dfb6488c3dd20e40d621bc7236e.jar,1
f0c372653b28d0b11a3c6934dfad1fcdaf82f152be6790dbc6d1a0bf332515f6.jar,1
f0ca562a7dbcaa747a5a51c7d28fe12beea449b076710521a618f56ac8db780a.jar,1
f0cbef01f5bd1c075274533f164bb06f.jar,1
f104ffa104dc5c0739ed98c605c0cc32fc148aa40dab5de2916d9b1f864a4654.jar,1
f14e10f6af2f090a7228e52439fd49e91b5bfef954f9c8634bdd6c466a774739.jar,1
f18cb71c990f29dfc23caaa0167f5d6e676b81befcab0117ceb09f3510538b1c.jar,1
f1f534e38d4204b67429dda5544c0aa4ffa3ca68eff973d4313e444a8c4103bc.jar,1
f2923dae977e427f455bbbaef21af7b974d1ba0bd49db0f39b255a855a7c82af.jar,1
f2de92fc86de97d0de2a11e69ea30f022fb91129cb163a8e63d8ff2e7cff8e34.jar,1
f302e726ec34dc5e57ed0dc341bdcf48.jar,1
f367a6398e82c66121579f7b760fdef1f6e0fb21137a1cbf6540b439209668be.jar,1
f373e1748bf55082ae1a6bd9f0b330aad6f7f293e033e7776766b2ce9bf5cb28.jar,1
f3f916c7951efa20ff9eff2e6e03bebe.jar,1
f41352e9b08e6aa066af893291a8be82bfca382b9c1b65ba7b3a346c86d1a4e5.jar,1
f4279c7078174dbb293964fdef523b475b7b5794f7e9dde87d9ec00bb46535aa.jar,1
f4f483fe13a78e4b3b440711995e146c.jar,0
f55d52012bfd51cd52f889aa1bae4f618a8175e8e57c691e69301c6f6651a4f3.jar,1
f5673f2290ad72c69b5efe4f1b96a76239b3286a536db8b2e26e9544274472a4.jar,1
f5a935fac6403d609baa306db915ab5da6e9ab91f3c02a08d031bd32a7cede5d.jar,0
f5b1626e03032f824327eaba741a96f4e1fa4d9c5f1d44a5647d632d343f075c.jar,1
f5d2700630982d9414367ace2e231fc7.jar,1
f65f3b9b809ebf221e73502480ab6ea7.jar,1
f6c79355101b4c382d2bb3e12e7b4fe2.jar,1
f7689548171d4706745c65b06b053d5e.jar,1
f76ffc75a03e0104ccdd6fe7e790a274bbd29aa3c693a58ea38121f18eaf640b.jar,1
f799e423d841252c560fdfe29a39497d1979ef54614441c682bc972e1aa6f7d8.jar,0
f80a0b2708893179f10771d1656875f67d6a9fba78ffcfe14485aae21b31dc55.jar,1
f89240ca4d622113da9b4f5759215dd8.jar,1
f89d1bdd0d0fee43aa0e927e65283f524793aef151e857ac552191afb9694885.jar,1
f8dd632be538ba1844cf8145e6a4de9c463c4304d43c3317f4f34d4f7752c1c9.jar,1
f921f323a0e6f0ca53a93de02d0c5920dd4fc1ffe902c139387bf92f47e098db.jar,1
f99e0ff66f1c958f77b686640f79cff51384bbee77144d6fd32efb52dc3f3f0f.jar,1
fa00d31583714261640dff4a1262330fe982248cbe11f77953596bd31c979ed9.jar,0
fa4a2bfbc569a10517a6f52078cb574bf4038178010b444511c3a57c3ad9132a.jar,1
fa6d4a07f63c34954a7fd7e74420c87f.jar,1
faa7a444d66b3e352d7264e120a9ae43.jar,1
fabf09bb9ac495c48b67d534d401e5431ae15a9560332730fa86e7838cb44f15.jar,1
faee4d1c9474f40adcec77324e1419b32efa1330b8f92526cafddc02b21ab850.jar,1
fb2216f0f1b6642ce503a451f975ad6a3fd457086530bbcff54c08a12625d5b4.jar,1
fb67dcc88add760736e78be975e6e94b20cd9017345ca529b2cbfacf97ca7266.jar,1
fb9cdab9be2ae4f77ea8fa002e372aa0f2bd5ecf2a05ccff3877f074a849f355.jar,1
fba2002660c29c2bebe85b2d688f942d1153f5c70c172d31c5f0eac88b3764f5.jar,1
fba57ff8cfed809e8fdc1b6647515090933f4dd6f1c3cc0b02d80044c6c50f7b.jar,1
fc1aa8035337e0955ccc020df1455299042af2cd792f9f62723f14f1872e3a4f.jar,1
fc850eff405c60ca3073e736fcd65482b67f41ab197526485789957ae5a06c23.jar,1
fcd62ef44b304be474eb6445a06327830fa2e48895450068adff52c6b8bbc595.jar,1
fd0ff1a071aff9c55d55e5691e9b851e.jar,1
fd37f8a0bd6e672a54a6dce0d9196bc7.jar,1
fd51140c5fbb70059d6af5fba0e7384c447faed360e7e9d3316533650cf814d6.jar,1
fd552020ed2cfd0645d6f9ab5e027953d649134a42fc0a33d4dd7d76d83f2ffa.jar,1
fd59edb46b67479c4e32e47f68ec89c8a936ff9674bb1ea77c284d310ba71b8c.jar,1
fd6bdb22af909c101b2cc4655d05e0d9.jar,1
fd7c594d2d270a081011e72c9e8ceac308815bf8f2f30eb6dc3f585904349f83.jar,1
fddc274018e3441229aa639b967ce30d6a56b9ab1862f2c290086269152110b4.jar,1
fde870d2898fa9fc43c805bccd4bc202.jar,1
fe3acbb043fa72d5ba10c23fdf848cca.jar,1
ff0435a340d92a161ac2b3f1087bdc65451e066f8d0fc5a6d57089a060324e9b.jar,1
ff274bacc1df59be3fa1c014fe5251fd.jar,1
fff344ef42830246943e5ac9aa9c26a493f7270edade929f65b844a586eff023.jar,1
Mal_Java_053BA4B886B3554219191AD66C696790.jar,1
Mal_Java_07ACBF00B8727006AC5638F207BA9EC1.jar,1
Mal_Java_0CE67D57B601F5B0D01492CED6259EE6.jar,1
Mal_Java_0EA4D2FFB4B13B78C31A7081231341ED.jar,1
Mal_Java_10598BEF6D282B1623352F58A1FE1C65.jar,1
Mal_Java_11A0DCF077AD2A65FF1944279F5CB94D.jar,1
Mal_Java_11BE7711B5BE2982C83D1AD09CEF9643.jar,1
Mal_Java_137A1998F62B5C8DCAB488F2447DF5CD.jar,1
Mal_Java_1502B5CF63ACC5F07D40FC9896D5D879.jar,0
Mal_Java_16336D3CA04DA1A3E5D02F266D4122AE.jar,1
Mal_Java_16571895748EF4ABF2AA1268C8A5DDBD.jar,0
Mal_Java_167C4ACBA573440940DE865106FD64EC.jar,1
Mal_Java_180670B04D51A288B5AD2ACF3E0CE910.jar,1
Mal_Java_19211A78A83F9C7E948B3083383AAB30.jar,1
Mal_Java_1B1F680342B77A9F299240F85B57FA19.jar,1
Mal_Java_1F8B71E8C0AA513B49AAFD83A12D590B.jar,1
Mal_Java_20DF6680E17036B0363852D549079E37.jar,1
Mal_Java_216442D0D4D2D2262962CBC144033194.jar,1
Mal_Java_225DE20893198E68209610BE6882798C.jar,1
Mal_Java_269AC8B605358DD51AC3498715C01044.jar,1
Mal_Java_2966712EFDA285A023EDF6D578D58C93.jar,1
Mal_Java_2DD7251FAF2EB0CCE80014613EE83E49.jar,1
Mal_Java_2E0616C0797952355FE0E9567820EAF3.jar,1
Mal_Java_31D31723E7C77771A937CD8A00801940.jar,1
Mal_Java_32EA5711204A457DA62F2DFFAF80DBD2.jar,1
Mal_Java_343AD5DC93309CC8C2ACA15D851E252D.jar,1
Mal_Java_36BDC4156B0A1FE34537A86524BAE522.jar,1
Mal_Java_3864A3D2915F64BC463EBE4DA8CD606B.jar,1
Mal_Java_3D86374A16244C921555801FBF38E486.jar,1
Mal_Java_3E0EC37CC614D6256F3D1E1E1297F04B.jar,1
Mal_Java_4476DE44E9DA560139E05C9A4FCB54E2.jar,1
Mal_Java_45430C93EB67A3F25598AEDAF0948612.jar,1
Mal_Java_4583B1A91C2C81049B253B66680486FA.jar,1
Mal_Java_460EDD2A9501F7E1395AE3FBB25B2A7D.jar,1
Mal_Java_4A02DE25C60700A085833B3B886EAEF7.jar,1
Mal_Java_4B8D1685DDEBCEB469B62E7C23140B16.jar,1
Mal_Java_4C23D6E61B3259B8B4B1B7104B2031CF.jar,1
Mal_Java_50F4FB69AF6795759B1558848E151E99.jar,1
Mal_Java_51ABCBFDE857F775693ED28C57CB1CEB.jar,1
Mal_Java_529FF2A026BF0BC1CE821F5476F5905E.jar,1
Mal_Java_53367244B2D4B97FAE2F693E790914F9.jar,1
Mal_Java_5415777DB44C8D808EE3A9AF94D2A4A7.jar,1
Mal_Java_5479B00C65810755ED3D827FC9FF9523.jar,1
Mal_Java_56B36F0A0898971ED3CF1D10EC9D9685.jar,1
Mal_Java_57A39E14C9CA4B41265225317CF94BBA.jar,1
Mal_Java_58BB7A19FDB32011CF033D8DEE2813AA.jar,1
Mal_Java_58E60B64DC725D11749F1DB8407C0A4D.jar,1
Mal_Java_5AE59AA1041264D283C2489640A75082.jar,1
Mal_Java_5C332A40A5689689C22A865D46E15659.jar,1
Mal_Java_5F4C009C6C38E02F18DF57AE9B533F85.jar,1
Mal_Java_609E3ECC1F46C48E4CCD13AA435B5B18.jar,1
Mal_Java_612367B1377F54371FCF2020E7D8B551.jar,1
Mal_Java_61AAC9A42FED2DC1B57D9AE485E7B935.jar,1
Mal_Java_61FDEF619192A8B7020BD6F854D00C9D.jar,1
Mal_Java_6253B60CA12A637C69554AF5FB46B3EC.jar,1
Mal_Java_6292F68F7DEB3D7BB946096B9ECD8F45.jar,1
Mal_Java_640A0A35E934F7D7C728431C454C0558.jar,1
Mal_Java_64FD14CEF0026D4240A4550E6A6F9E83.jar,1
Mal_Java_673211D93DD72018328D75182223D0B4.jar,1
Mal_Java_68358F8F1FD6C01D7E29E445CA646623.jar,1
Mal_Java_6AACF0B8DECB830BF1BB814CF48522AA.jar,1
Mal_Java_6CE9E74A0F32B09C64BA0DA8722C486B.jar,1
Mal_Java_6D4228521CD0BC2733253896433EB21A.jar,1
Mal_Java_6D9BB973F8ACF9A5642AECE1744F9C11.jar,1
Mal_Java_6DC5432AFB72FA6AF76ADCD29DE1292F.jar,1
Mal_Java_6DF09BFD546AC8903ED9E1F72BACB836.jar,1
Mal_Java_6F35BE94C80A8CB5DD08B905475F43C3.jar,1
Mal_Java_70FB9EE87839749D4C1D26ABA8E122CF.jar,1
Mal_Java_721BDF26C9F5FD3D568F80F661BFA47E.jar,1
Mal_Java_726FC98B2AADFE74A703B71F3CF346A4.jar,1
Mal_Java_74F37E14F123F6D3C1E36F97F3C865A1.jar,1
Mal_Java_75CD00678C0CADFB251615A3B7801414.jar,1
Mal_Java_777BD1975415063CA14446A82D007730.jar,1
Mal_Java_77B3A702A982187B9946A0EE9B28D615.jar,1
Mal_Java_77F5B3C84E8B0973AB9D99B42125857E.jar,0
Mal_Java_792DF4CA5A0EAE174EE491D41434363B.jar,1
Mal_Java_7A2730D87999802C0820405CCD1A9640.jar,1
Mal_Java_7CB327C19652062D235628F4ED88D0AF.jar,1
Mal_Java_7E2B7F9DFA20C7328DD2726EF9EC9F52.jar,1
Mal_Java_7FAF5E6ECB54AF344A3144D11557DCBA.jar,1
Mal_Java_802C1802D31CC21FF88C68C6FBE9890A.jar,1
Mal_Java_824F78613ADE0144BAE14DD4EAA5F956.jar,1
Mal_Java_8501C110F86D4CE80AF15E00C7013CB7.jar,1
Mal_Java_85BE4C2DE1DA6557E7D753509E8582B1.jar,1
Mal_Java_873997122B3332ED1C50F90C8DA9E0B7.jar,1
Mal_Java_88C8D82524821AEB8CE04FC03A448D82.jar,1
Mal_Java_89CD955C34A7F4AB520A93C5E1D2211E.jar,1
Mal_Java_8FC431574A0D9192FF96604DDCD21527.jar,1
Mal_Java_90FE7AA66A5C6320911197D4EB1AB5BA.jar,1
Mal_Java_9246C602572DE71BD4FDEBE26ED63EE7.jar,1
Mal_Java_9322301C96ADD91BD1F5EE397DE645EF.jar,1
Mal_Java_956FEF637E19D97B1B7A7EC741500FBA.jar,1
Mal_Java_9685EAA02E27A2E2A6CFE3FE3DE7D556.jar,1
Mal_Java_96A820A23ABEBB731536F1ACBED0D1D1.jar,1
Mal_Java_98F5ACDB21E8B8116FE5C7B4BA17D0E9.jar,1
Mal_Java_9D1901234D8025FB1EC041505E188419.jar,1
Mal_Java_9DB811A880432EA4486B1EA7FD5C9DE3.jar,1
Mal_Java_9FBE7ACB71D303BECF371A874930316D.jar,1
Mal_Java_A02C27882923B8B26E03F110EA71F9D9.jar,1
Mal_Java_A1C112FEEB2B0CB7DF6ED99E5B90E3E0.jar,1
Mal_Java_A23C509DEF2BF5BC6FF61E0B0960FFC1.jar,1
Mal_Java_A384245CF7EE9ADBA2CA12FD32827AC3.jar,1
Mal_Java_A5BA67982A3471367EAB62CAC5903B37.jar,1
Mal_Java_A7F844816BF8A0F60CF164B8E98DEC37.jar,1
Mal_Java_A96E65EFB47B11EF0F87F5CEEAE3FEC4.jar,1
Mal_Java_AA9A0B8AC01431B0039AE11C3145AB7B.jar,1
Mal_Java_ABA56F46529DDD9F4BA52DD4856C238E.jar,1
Mal_Java_AC2C881A44CE0F87E8C0869FE881CD0F.jar,1
Mal_Java_ADAE100EEC2315FF94C7F4C7841AA714.jar,1
Mal_Java_AE187D20FA65D2D0B432F549954F6F16.jar,1
Mal_Java_AF51DB7F7948065FFF2CC56402472AD4.jar,1
Mal_Java_B2A571330A784E3989D61331A0DC07B2.jar,1
Mal_Java_B2BBEC46BB031248841E149E9D275CAC.jar,1
Mal_Java_B8A0B6CBDBD3145A87A1B75CB8C19879.jar,1
Mal_Java_BAE08667CDAE9632F0DB0CD94BA12166.jar,1
Mal_Java_BB08F700AF2D8F6221E18C243C0103D6.jar,1
Mal_Java_BB2225077C52F2CD152CED76DC072D49.jar,1
Mal_Java_BBB136150CAAE277A3D0CD09EED024B1.jar,1
Mal_Java_BCF3A810974F89B6588D5E10261ED01F.jar,1
Mal_Java_BE3BACC25C322D133A1783E0A3C768D2.jar,1
Mal_Java_C0F88234A46227467B452FE0F982AF5C.jar,1
Mal_Java_C1BECA07A8E50308B7A42DA33567BE8F.jar,1
Mal_Java_C307C2C6C4EEFAB4DC4A65BCB102FA38.jar,1
Mal_Java_C62A5D3D59301F8F25236690C1567EBF.jar,1
Mal_Java_C76FCD974A8FBF2A679E29C782F6BB1F.jar,1
Mal_Java_C7BAB9B7C981C1101F7183A7917C8FAE.jar,1
Mal_Java_C7F0B08EFD6EBA6AB257579509370962.jar,1
Mal_Java_C84DE729ED0C4B4D5B487B569EB89585.jar,1
Mal_Java_C8CA11BDDFB4C89499B495FF83533FAD.jar,1
Mal_Java_C988CBB3209D7D3A33F60AF8A1E9C9F1.jar,1
Mal_Java_C9B1E07AEAB681EF67EE3D3EE398B4B7.jar,1
Mal_Java_CD352DE80C77094FEB5FBD90E7E4E0C8.jar,1
Mal_Java_CEBED8A3DB4A9695CB59FFA25E4BFEB3.jar,1
Mal_Java_D022E8DE4C1B1F8437554ECEB7AF06C5.jar,1
Mal_Java_D124AD3670C1C39DF4BEE52B095B2B4D.jar,1
Mal_Java_D17FABD5D8D9C6D3E0F687CCB7AADE45.jar,1
Mal_Java_D2DC67A8E54F6C06C6A1D06E0572D4F6.jar,1
Mal_Java_D6F909D79002BAACFF9DDFF654E7D8BB.jar,1
Mal_Java_D836CE6218C06D20C46AACCDA12AD09F.jar,0
Mal_Java_DB0882000F250E27516A2657205B8F26.jar,0
Mal_Java_DBBC20C80B0CFDB2FE03D0DBAE2B3708.jar,0
Mal_Java_DC5386E4906F1941A18AD806D7671C0F.jar,1
Mal_Java_DD414690B43EDCB263D8CF3DD7D5A81C.jar,1
Mal_Java_DE452AA134A35DD8E83C09BD1C6DC169.jar,1
Mal_Java_DFC8B04EC5ED97DE86D9205F371F7F87.jar,1
Mal_Java_E9E307580033DCA6AEC379BAC50DE567.jar,1
Mal_Java_EA7A031ED1515F9BD8DF386B236C7973.jar,1
Mal_Java_EA880B47DAEF50875EBE70C2FB427017.jar,1
Mal_Java_EB7ECE611ED1CB29DDADFD0C36ED9BB4.jar,1
Mal_Java_EEC4D7D280A1948F7E13ECEFB31C33A0.jar,1
Mal_Java_F2CD8C29B5311907506E4BDE759562AE.jar,1
Mal_Java_F626AB7FCD0A37E31C3D7E485C16FF72.jar,1
Mal_Java_F87B5A40342EC3879F40117D350CDF30.jar,0
Mal_Java_F938B8D6CDC933A1DAEA4AE943E82C29.jar,1
Mal_Java_FA4EF10492AF8D74F397FD5278ED05D8.jar,1
Mal_Java_FB815D5D1879E67825DA08D9366E4E90.jar,1
Mal_Java_FBCA05E4B6815E9AA4EF2B376DC14EE9.jar,1
Mal_Java_FCE840EB647A1A56F9B028AA9AF98436.jar,1
Mal_Java_FE940F80533234AD19B0F2D995770BE4.jar,1
Mal_Java_FFC9F476C4F3D12DF4F2914ACB7AAAAA.jar,1
VirusShare_00d05db991ad570469ccfacce5c368d8.jar,1
VirusShare_00d6bae56a43627d4237bd8cf920352f.jar,1
VirusShare_022f69394372295afef8812ed7df4d6e.jar,1
VirusShare_025f9842c861364ca382a278415e5b7e.jar,1
VirusShare_04488f67a28178b0fd80753138d13ed7.jar,1
VirusShare_0450fde20f23babbd5b47d73d7d88a6a.jar,1
VirusShare_04c126b21b25fcd0a87aeca5e77d5cc1.jar,1
VirusShare_059274290607e5f5c5958f37d1fa60f5.jar,1
VirusShare_0676e78fe4a54ced79ed5685aa6a2a58.jar,0
VirusShare_06a10eaffb4d293b889568e53a1767ce.jar,1
VirusShare_06e510705fd8c9d0997d0d44219498ee.jar,1
VirusShare_0788f26268be4d0213f7d7a3cdd27552.jar,1
VirusShare_086646efb9fbdd4684832b0c00481757.jar,1
VirusShare_09b4f61f0b72fc3dca7adf8ed62c5b54.jar,1
VirusShare_09bae6f33222ccf40e4c4b993c0879dc.jar,1
VirusShare_09feea7d16aba63c064a8fa6ad829945.jar,1
VirusShare_0a14a38b11a2f6fdbd437c64927db318.jar,1
VirusShare_0a388fb05cd9ef26298c3b4270b66081.jar,1
VirusShare_0ad8a58aaee890d042cab92e1be8fb0e.jar,1
VirusShare_0aedde30643b7118221de4179368a753.jar,0
VirusShare_0b5477634ba4725060a2e15419910aac.jar,1
VirusShare_0be290a519d921c8293fa436753f4fdf.jar,1
VirusShare_0c5d8e1421711b97af7bb2b3851569db.jar,1
VirusShare_0c936601a9c4ceb225efdab38799a51e.jar,1
VirusShare_0d3747a6cb57adff2e7505a06e74efec.jar,1
VirusShare_0d6ec845ea53387950558654d9dcf5fa.jar,1
VirusShare_0de6aaad0bb796c414fd45e63a6778e9.jar,1
VirusShare_0e11efcf833050ebb2a2830e4c283978.jar,1
VirusShare_0e167a82a85c8d1f5747393995ad7176.jar,1
VirusShare_0edc306475ab6b96f451e446a41065f7.jar,1
VirusShare_0f5060626b4f4e1d1302df6fb06269cf.jar,1
VirusShare_0f94783099ee812ca54cedd8860d48fd.jar,1
VirusShare_112a6eca0f5cd8a6565523ddd8565dc2.jar,1
VirusShare_11405c8a449d7cab201cb47d4fd597cf.jar,1
VirusShare_1148fe6c6fe2bf7715adb2239b68f14e.jar,1
VirusShare_1282bf1c33e07612f22088f251dd1993.jar,1
VirusShare_15d3d06441ac377d1fdf182673df58b1.jar,1
VirusShare_16f5b1c2a29fcf5a4f44b8435ab3308f.jar,1
VirusShare_170c03967a2878b62ae8bc2b2e2590a6.jar,1
VirusShare_176da3f766de2ec7dcb36797a33bf3c0.jar,1
VirusShare_17bcbd551c96e79bef6ceecb787280bf.jar,1
VirusShare_17dd76d54c0b13d695e75d1447821d7e.jar,1
VirusShare_18458d650698732d43c35ddb95383436.jar,1
VirusShare_184591dfdfc936c3d2718269f7d20dad.jar,1
VirusShare_18552cbfdbd20b2b5a3607c21d36a845.jar,1
VirusShare_19dbf552fa21e9b32cc2eb9c53008a3c.jar,1
VirusShare_1c1fd46ca93445fd54db8d9371946a8a.jar,1
VirusShare_1dc1cdcbc2e5673c1f53eb5d1033895b.jar,1
VirusShare_1e0a3f84b9abf98edfd3337f95e42b7e.jar,1
VirusShare_1ec41141ede927c0cd349f7399a2cb92.jar,1
VirusShare_1f164c4530d17d1c60e76e22c77d3617.jar,1
VirusShare_1fc5511efe183058f2abc0a0444b3590.jar,1
VirusShare_1fd0097649e0a07151a1338c1cdc5b19.jar,1
VirusShare_202d57aaa93983fcea6e157efc787c5f.jar,1
VirusShare_2052ed7a39acf170086451bb1b7d64e3.jar,1
VirusShare_209b6c2fda3ce1094228f69e213dacb8.jar,1
VirusShare_20bf9dae380f4811d4079a074c88d3a4.jar,1
VirusShare_21f0df29638c7035d4a60a78874d8787.jar,1
VirusShare_226d4173c0b1d47dc49d478a7826dc98.jar,1
VirusShare_23bb4330d37e2da9a0516fff4bd0eb1b.jar,1
VirusShare_247a2b9792bc4c988cf1c6aa72e895f1.jar,1
VirusShare_2512b476ea52e9f4737121d245532440.jar,1
VirusShare_2513fb2099e9e5b92f885d4030d71fb9.jar,1
VirusShare_25887e4b881e2774250fdbbfc865e8e2.jar,1
VirusShare_2657e41a89a5dddb7b78c9d670bf27e0.jar,1
VirusShare_26c19e48f76775fddbaaaee923baa586.jar,1
VirusShare_2751ebdb4144ebcbd094a7a2987e6fc8.jar,1
VirusShare_28bf99cfc3886f7f5573356333e20c83.jar,1
VirusShare_29061c5153e62a041366c2f133fdca3f.jar,1
VirusShare_290fef9b38943b539db906d27a568afc.jar,1
VirusShare_29d170094941e67e31eede63df0600ce.jar,1
VirusShare_29eaf4ed87d4a95333c31586a846463b.jar,1
VirusShare_2ba92bbdce73a86f745208e193de0638.jar,1
VirusShare_2d3a226bba804951e3ae76f4519f3a8c.jar,1
VirusShare_2e3aaa3ce5a3dddaa0ca2c0d30be12da.jar,1
VirusShare_2e89bd3576c8f6a7ce462f8a339b4c2e.jar,1
VirusShare_2f735f6ebeb249339d0ab8257daf6fbc.jar,1
VirusShare_30d668e256eaab0986f8aca567759fe3.jar,1
VirusShare_31104b563d473f3ce505805aa222566b.jar,1
VirusShare_31901e33b1ebed7b9363ff85d512ad20.jar,1
VirusShare_32594b2b16f766d3cb04f3920cd4c149.jar,1
VirusShare_32b4a007257071099311d31b06b82ad6.jar,1
VirusShare_32b6fca47cce65644ec3503e3a3951ed.jar,1
VirusShare_32dbd171dcfcb1a37731c5df759782f5.jar,1
VirusShare_342e0e2983697f1475a81d0cf10a8377.jar,1
VirusShare_343e204e751d95de52cf8a869487d123.jar,1
VirusShare_34436bb4102dc8e69c89250c68619b70.jar,1
VirusShare_34f4121800d56514ce17fd5cd8e3f510.jar,1
VirusShare_3537a5c8696de54217e0dc973984c33b.jar,1
VirusShare_36fbdb51343b9830a69eb1590e79c518.jar,1
VirusShare_371168a747125b230e5f7c73377329c1.jar,1
VirusShare_3845a7f1c37e1f707e8df56dba54a6b1.jar,1
VirusShare_38f083169319d0141532db992d295448.jar,1
VirusShare_38f9b174a429e2e3af196e1b3dfde002.jar,1
VirusShare_3af7627af6348a76d1bf3b7bf31514e0.jar,1
VirusShare_3b9ba2a47e151bd1f82b5edf71e2cdac.jar,0
VirusShare_3bdcdc2828e169ae74e2f63fea884e8e.jar,1
VirusShare_3bfb11e34a84c49369fc3683275b2157.jar,1
VirusShare_3c108ce94641acc8f45717eba8cac820.jar,1
VirusShare_3dec5c41973a56761afba35dac6638ce.jar,1
VirusShare_3ebad09294b1669b02291b04f80b3235.jar,1
VirusShare_3edce5e8e2d3ada2cf0cc5d69cb70d6e.jar,1
VirusShare_3f29be439031009b9109b3ce664f5f7d.jar,1
VirusShare_3f9ee976b3101151e924d3a18c510d4b.jar,1
VirusShare_414ee5a6e7094fcb7b785fb6b00108dd.jar,1
VirusShare_4236d1f108d4ab37dbb0c056b0bd4b4b.jar,1
VirusShare_430e6e3e79d40ca27a9c7a3d36864323.jar,1
VirusShare_43e2b9e9b76ef2440c299ac7cf8e928a.jar,1
VirusShare_43f3a04093e0924db0daccd13c1e7af2.jar,1
VirusShare_44c1b1611735af2d2fa8b4b10589d5b6.jar,1
VirusShare_4645e198ca66a43b71b00e6cc21ea01a.jar,1
VirusShare_47376c9be86dd51ab5209e52fec5af8c.jar,1
VirusShare_4a13b2a16ae0075c7aee3d34d0a90f4a.jar,1
VirusShare_4a73853c461a7f5c8c8eea014a14aa92.jar,1
VirusShare_4b1367ccf7800efdcd98691059670f1b.jar,1
VirusShare_4cb21d2ff9a3e2a972ccba68a3965ba3.jar,1
VirusShare_4de902278c5cd023f0ff3a2c5dfd3029.jar,1
VirusShare_4decb3aed9fe4520f7ab53e7e2730419.jar,1
VirusShare_4f84a0129fc565218d99c40d4fdad002.jar,1
VirusShare_4f8886730d260b0edd58704eade737bb.jar,1
VirusShare_4f8f83fc13bbcb86123c2c28fcef8e0f.jar,1
VirusShare_4f9ff66fcd5160c9bc982162794a4603.jar,1
VirusShare_5028f55f6cd67082d0f560691fd16820.jar,1
VirusShare_504211c4d1f8b58e2a001eff8120528e.jar,1
VirusShare_5046337da2946abb9d8dca08381eec79.jar,1
VirusShare_50f84290c4e31fd76f560cef3cd2c0aa.jar,1
VirusShare_50fede52e565d4ad298765fb86690ebd.jar,1
VirusShare_52586e8a85188a0ada59294650c91362.jar,1
VirusShare_5467d077bd194e4e5d15aa5662d88a55.jar,1
VirusShare_557af824df64397152cebc52ea4d08a3.jar,1
VirusShare_55841c524488b4eb0ede93e98368e2a9.jar,1
VirusShare_56070e4d8e0e5f395feb2598d8a7ad42.jar,1
VirusShare_564d5f4e963396f00975c33679ec0654.jar,1
VirusShare_5753d87000b78d6ab2e2d00543dd3b85.jar,1
VirusShare_57e784f74cc92e025aee81beb4ef62fe.jar,1
VirusShare_5840e0e4e42183fa313875b501319040.jar,0
VirusShare_588c2bb695660a08ab6b502bce0cff38.jar,1
VirusShare_58fd0a3ca759a66c90989c85947841e7.jar,1
VirusShare_59709941763692a8c49a88535dbc58b9.jar,1
VirusShare_5a048641c4c921c78b7e832f4eabe60d.jar,1
VirusShare_5a2d46c7b337a14d9b63bd0f6dc6e5a8.jar,1
VirusShare_5ab11a4930a35d559aa237fb70f363eb.jar,1
VirusShare_5b0fb76f6bad8dac3733b97fc796fe32.jar,1
VirusShare_5ccb588dd249e3bde5c261d6f9af63ca.jar,1
VirusShare_5d16b1e92cf3f22e92ff0453b37bc954.jar,1
VirusShare_5d6043839b8c31f09449f0bf2decfeed.jar,0
VirusShare_5f7d62bfece07fd8c27b3f4cd01810bf.jar,1
VirusShare_5fdcfd16060a500ca1c471504df1f37c.jar,1
VirusShare_5fea9cc60ace19d2a368390aa36a8a8b.jar,1
VirusShare_6286a20397870b4057f8dee05cb98979.jar,1
VirusShare_628f4b017e61fd19703ef5d58c174dd2.jar,1
VirusShare_652886427d901ed715e936e30ec6cd50.jar,1
VirusShare_6535e8b2679776aa31a3dd5e6d7bbaca.jar,1
VirusShare_653b566b688a3390d68df5bfe7f6ecb1.jar,1
VirusShare_659aeabb57f5ed4bfe6c9219220c3543.jar,1
VirusShare_6601eafba838eda358610fe6b4221d2d.jar,1
VirusShare_66ed9235316b4f9f74dceb7ba3a4039c.jar,1
VirusShare_67d383eb898b2ba873a30234398a83b9.jar,1
VirusShare_6899005fdcf8f3ff469faae00ff5e656.jar,1
VirusShare_68c9183bddce9ab54b5842255ebe843c.jar,1
VirusShare_68f2d5a9fdec6e646786d93487990c52.jar,1
VirusShare_69698f345d4c0381924454521c3c74be.jar,0
VirusShare_69d87702b594509dbde5e7fafb4ecdd8.jar,1
VirusShare_6dfac20f7459adb999d99316fe638736.jar,1
VirusShare_6ec29b540e9cf8c0f88e7f533b07a7e0.jar,1
VirusShare_6f37ead01c986d7e5d51a97b5312e4c2.jar,1
VirusShare_6f7a48fc62a740c98097e68388b0ae3b.jar,1
VirusShare_6fc4d4547ffe7cbc104bbc6a942d6f47.jar,1
VirusShare_702176c0174db2d976b139d9d422ea42.jar,1
VirusShare_70529dc00b95c80c7bb0be6f7fe74b8c.jar,1
VirusShare_705a52e06afc9370e9fa5d43f2c9997a.jar,1
VirusShare_70fb91e2e5de5418e64c2e3c6ed98eec.jar,1
VirusShare_72cc64ada0b3a4985af3c079a0754d42.jar,1
VirusShare_753b2e733c38388c7179fb298184d021.jar,1
VirusShare_75743460e531bec2f445680751a68534.jar,1
VirusShare_75970ad62e7333694aac41e29fd0c9c3.jar,1
VirusShare_75f5aba537e5d5c57692c913b64eb1e9.jar,1
VirusShare_7825133a6b32aa6517cc1b6742fb4609.jar,1
VirusShare_78a328221ca8e013a9b80dae598dca44.jar,1
VirusShare_7990e78efaa4744bf4efd991840af0c0.jar,1
VirusShare_7ada43bbed869988ac380c3500997974.jar,1
VirusShare_7b880368fc1d1340fc9e5e3b1fe7d470.jar,1
VirusShare_7d046c506c3cbf9692788e463ab02380.jar,1
VirusShare_7e22b433e8b53e8c08afd366ae4097f6.jar,1
VirusShare_7e52cc764af9fbcf731adda045d8d54b.jar,1
VirusShare_7eb6d1dd818ccf0adae3ddd8418df390.jar,1
VirusShare_7ebddfa21763c046f8f6b1efae3287a8.jar,1
VirusShare_7f26cc81cf6b0cebd7b972ccdca9ed72.jar,1
VirusShare_7fae16e30450fddd27f4a98b610192d3.jar,1
VirusShare_7fc145e5353e8a48d0adaa5b7e49c439.jar,1
VirusShare_80ec9c27c77cb1e1165622812355d9cb.jar,1
VirusShare_80f3f65413f5a7a7e07b8fe17e9943e5.jar,1
VirusShare_8245e58cca6a21deb1cb8b794127616a.jar,1
VirusShare_82788d584b9f798569b0c4293370c20d.jar,1
VirusShare_827e562a5959b785c89a85aea5581a89.jar,1
VirusShare_83bd23802baceb3bc07bdf622226a31a.jar,1
VirusShare_8825183a146f5bee218b9e85159a2050.jar,1
VirusShare_882efabd68fc28919ca5704d30f1de92.jar,1
VirusShare_888ec9f24dc93aff4b7fa82218c04898.jar,1
VirusShare_89d17e52203f5593e975130b06e0d3fa.jar,1
VirusShare_8a683ee66ec3239ccf8a8ab3b2ad7979.jar,1
VirusShare_8b15a138873cf288e1d8cb5ffe6fdbcb.jar,0
VirusShare_8b5a2693d1139d07995acd72974e1eac.jar,1
VirusShare_8b5e4f1cf9be8ea893081a8f153784a3.jar,1
VirusShare_8be450a4e763fb29d2eb343b639fd7cf.jar,1
VirusShare_8c51406d6738685d82220e39f27c597a.jar,1
VirusShare_8d37d03964f646eed8119d78865fc207.jar,1
VirusShare_8e9e541a8b23d7a527c843c616adfa65.jar,1
VirusShare_8ff79a027aebf0e482d899fc301a35d8.jar,0
VirusShare_906ca1e383a52fa8c0ba35c068d98e49.jar,1
VirusShare_90ac74d63cef4cb63769e496152c5231.jar,1
VirusShare_90ff152daff1e91d1403b1ee9f2301e3.jar,1
VirusShare_919aff21d32210d77cecb506d1227e5c.jar,1
VirusShare_91d3f4ba4b2b59a4e4b2458fdb5aed4b.jar,1
VirusShare_928fef7105026803ef4393ebbc83707c.jar,1
VirusShare_937733985d517b7550e4b20905f45cf2.jar,1
VirusShare_9388127e7fe8a5995a1505af4a7cf711.jar,1
VirusShare_93ca3950f129a20e5b55edd4a4f5fdcd.jar,1
VirusShare_93fa0564cfc049a16768d11b34dd60e8.jar,1
VirusShare_962356113094a8bba4cdc703093dcc15.jar,1
VirusShare_9675dbb88b1f69fc28baddd5bf89d8bd.jar,1
VirusShare_96ae1fe5707ba888eebb06b63f8b9805.jar,1
VirusShare_9712a92e65740dfeb054c12605444657.jar,1
VirusShare_971571cafc48656fe71060a6cd0d5ac2.jar,1
VirusShare_9771dc5efcc3290850d5f14d5eb5563f.jar,1
VirusShare_98504d0d80900e682cbbaab4ba799d9f.jar,1
VirusShare_98c92292ce2baca2764f1119c5df1739.jar,1
VirusShare_9a2a94fa29dac34dd2500f4503537aa8.jar,1
VirusShare_9ab0a2aae2994e39fdbeb3e2256decc6.jar,1
VirusShare_9ab29ea34b12337adfc92fb03e7112e8.jar,1
VirusShare_9adf25c61f842ae3fdaae8f084a93b4f.jar,1
VirusShare_9b1548ddadbbd3544285b2a66df976db.jar,1
VirusShare_9b42e64c1189fd8856e6c761ba2d3615.jar,1
VirusShare_9b81e0790da3465ea15cf793de01fcb4.jar,1
VirusShare_9c1be5f8532110e174bf99f0e70fdec0.jar,1
VirusShare_9c44fe856fc65374fafc1e7a77e583fc.jar,1
VirusShare_9d776f8a1421fa25f8ff898271134774.jar,1
VirusShare_a00bb292b27c31f24cf4f9450093824f.jar,1
VirusShare_a0585edf638f5d1c556239d3bfaf08db.jar,1
VirusShare_a100c6486648a03a64b716fbab5afa2e.jar,1
VirusShare_a1105e53a2a8d077189910dd5ddd6062.jar,1
VirusShare_a2a938b76ee3786d0cc4a7c45ce26c6b.jar,1
VirusShare_a33234a2bee976befa86470cdfe5d4fd.jar,1
VirusShare_a34167fe48a74de322fd51e6eee567f7.jar,1
VirusShare_a47af306296ef9a955f83556a007ff69.jar,1
VirusShare_a5dbb13ce845f76fc30caa51d5962a5a.jar,1
VirusShare_a5f0982c27fbb5997d5b8045434cdbf8.jar,1
VirusShare_a61070b6e061e19620c6f3ccb3d66d3d.jar,0
VirusShare_a698ba3850d9345ef3e066dfb2b07c4a.jar,1
VirusShare_a721ca9b2ea1c362bd704b57d4d5a280.jar,1
VirusShare_a8fb981a2864f4018d03da71321b6c05.jar,1
VirusShare_abfa7c9347107f8c62b71454075a39e0.jar,1
VirusShare_ac4f37a67f0faa76502279c0983e7753.jar,1
VirusShare_ac7ec3855ff6a78ab707b2306c7ee5de.jar,1
VirusShare_ae20d694ac5d2a65e4aba6f155cd627b.jar,1
VirusShare_ae66fc69244abec22f20384356806ad2.jar,1
VirusShare_b0149b78b81b666f0ec5da61d61ade18.jar,1
VirusShare_b0677c2ddb13dcaecc5991ede2c5f7c4.jar,1
VirusShare_b0ac62f96abb2e9979aa818a5a583653.jar,1
VirusShare_b1c934a921f14b87fcffebdd9aa4a6c5.jar,1
VirusShare_b215bf96c4c065e0d17a074291b903cb.jar,1
VirusShare_b2559cfd90c5210cfc7ef82b3e96fa4a.jar,1
VirusShare_b27894a6563420a3953417b586fe6b47.jar,1
VirusShare_b28b4ca8105906877eb4bf6f43850ebc.jar,1
VirusShare_b2df2d09e71ca4392b452e92d4df1889.jar,1
VirusShare_b3cf3060d7c14747bd2d94fdcf4831a0.jar,1
VirusShare_b4376f3761146d025a7081b786f61354.jar,1
VirusShare_b4619e741445651376028fd99c6cdfc0.jar,1
VirusShare_b4924aa844fa53a2f576ea89c4d9e75d.jar,1
VirusShare_b498a290e1e570e0308154720e56f503.jar,1
VirusShare_b4c0a9edf5fddabbf1f02feb6b1ac2d2.jar,1
VirusShare_b4c4608e06ae2f4dfe0628e457866dbf.jar,1
VirusShare_b4f3e2241beec968c7577def64103b88.jar,1
VirusShare_b54b8a05aa12d136c1871f1345da9442.jar,1
VirusShare_b5dc6bd26af2434f15e5cf5671a11ced.jar,1
VirusShare_b6fdf3f4eab9a8359b143b4618d05eb7.jar,1
VirusShare_b8a0b6cbdbd3145a87a1b75cb8c19879.jar,1
VirusShare_bb1dbae6158e7555d8e93f6056d39d40.jar,1
VirusShare_bcbcf640aff24845237d6b8c7da2d702.jar,1
VirusShare_bd6a2e21e52e02d991d435ceb412c0c5.jar,1
VirusShare_be3413399d4a5837d54a033a47a9689b.jar,1
VirusShare_be783e64b1a5a1e9148d0651c0ceedd7.jar,1
VirusShare_bff503169d295f19283631bdebf07343.jar,1
VirusShare_c1060fe34a0de511f34ad9c924fc3aea.jar,1
VirusShare_c1633009be4bd9fd32604873f3588774.jar,1
VirusShare_c16d8631c1445b5d9886a0e18c839d8d.jar,1
VirusShare_c1e08b60c4062b74375bdf57b2471200.jar,1
VirusShare_c2bfbfe57a65639a2e06b6238be4f44c.jar,1
VirusShare_c34a386d0c5c834ccd7da81fba646b44.jar,1
VirusShare_c5350d8b5b2d51f35ac5de06b986bf7b.jar,1
VirusShare_c591db91d4d7907f20499fdc6d1df12a.jar,1
VirusShare_c776c61bd0f8a1680a78c76cb4083b6a.jar,1
VirusShare_c875e713cc1fec5d0998cb660d3207f4.jar,1
VirusShare_c9b1dfeae2a0cfb832b3add289790b90.jar,1
VirusShare_c9ecb290acc28c44751fc40ebff4a00f.jar,1
VirusShare_ca0a04823fa3f35e5b308a05f5d18100.jar,1
VirusShare_caf2a4e79d667469378d0503b33cd85b.jar,1
VirusShare_cbb90c3d3eda0734766bedc6ac797000.jar,1
VirusShare_cbd1d9b54da009be490cef379c69aa45.jar,1
VirusShare_cc7e830005bd083a2853a7d5ef25c4ae.jar,1
VirusShare_cdf8c16d11f8bff5ae6212a8a829e01a.jar,1
VirusShare_ce3df36642c02ca55d50791c44252e34.jar,1
VirusShare_ce74520d221eab0a04a88444795ffd3f.jar,1
VirusShare_cffe7aa0f43726a97239cd0ccf67e0f0.jar,0
VirusShare_d102c9f789dd00ed2bf37dee38e5cd90.jar,1
VirusShare_d156d4304cbab01578981f964530ffda.jar,1
VirusShare_d17fabd5d8d9c6d3e0f687ccb7aade45.jar,1
VirusShare_d2c60b5b3489faa13eb804bd3e1de45a.jar,1
VirusShare_d314d7733f646d4096621c8c3c4f2e2b.jar,1
VirusShare_d46453ffebef73b716152e6bbdec0d9c.jar,1
VirusShare_d4eff640ec81ed98f38185f0b6325a6e.jar,1
VirusShare_d59e0f08ccefae26cc583a344d9e832b.jar,1
VirusShare_d67fd01f9dedce83c9f3289c5a082551.jar,1
VirusShare_d6fa39bb31de88571cf16957b2edee4d.jar,1
VirusShare_d717b623f354a1f3d7b0619fc1ef637c.jar,1
VirusShare_d71e7ec61e3a64325126369f19be64ff.jar,1
VirusShare_d8efcb0f897be89ebdce3319fdb0f810.jar,1
VirusShare_d93b19ad0ee4735445398fe64af165ea.jar,1
VirusShare_dae05e932c62fe08bf6f9ec11eca427b.jar,1
VirusShare_db9f23bddc4d07a9c5f1c2542e15bda7.jar,1
VirusShare_dd0d1cb3c2d06099ac6c926021dd3744.jar,1
VirusShare_dd601a74508244a08b8764372a2ae1b2.jar,1
VirusShare_dd947d6156beb185c4381baa92956b35.jar,1
VirusShare_ddb84864bd61f729eb3e890618fc20a3.jar,1
VirusShare_e12e1265c8431a07c107686b2dc76d5a.jar,1
VirusShare_e29ef554830701d4a9494d9158648bae.jar,1
VirusShare_e39cf1663f08dda488d0f6be96959e04.jar,1
VirusShare_e559e047d1ef6d3c983fddf58437760e.jar,0
VirusShare_e634e2288eed9b31d8526b8e71587680.jar,1
VirusShare_e77a36dc61b806c8c1ce57ce0e1fe333.jar,1
VirusShare_e78dd276621e3fae65835da2c1602608.jar,1
VirusShare_e79f6f0bc346d3fc93004b54df24fe2a.jar,1
VirusShare_e91cce3900a5bbd68106f10eaf74e155.jar,1
VirusShare_ea095dcaef16a544263381d579a217c5.jar,1
VirusShare_eb3a66ce8202f353023fe1c9a8236634.jar,1
VirusShare_eb4814c70b89ee1cf504c771fe4ea771.jar,1
VirusShare_ebeb65d36793f0a4577f933c7e662ba0.jar,1
VirusShare_ec2ea14f21c3703aedd7241616c124e5.jar,1
VirusShare_ec32d0619c266674dde46f33b4a5a5b2.jar,1
VirusShare_ec5037030e0455994fab7bcc00dfdb82.jar,1
VirusShare_ec8467bd8150f9f679de8070af292fd5.jar,1
VirusShare_ed2b68adcd70dc44357d1361f086faaa.jar,1
VirusShare_edc6e1cda94db5394b1e08868d39ac2a.jar,1
VirusShare_edf8272596535085200cc3d29fb86bca.jar,1
VirusShare_ee057f22054e1faf30e230eb53c7fb50.jar,1
VirusShare_eeb437399a9dac34b26a5eb7d806d70e.jar,1
VirusShare_f0a0131884c5985fd65a8a30e5e1b44a.jar,1
VirusShare_f1e9fdda5af59344ee8ada3950165cd5.jar,1
VirusShare_f37e4c9d362412b4532f39a92677c74b.jar,1
VirusShare_f3a8f725ee3f7e92ac20ae19af231955.jar,1
VirusShare_f513f8914d1bb80f33c231383a46a4b0.jar,1
VirusShare_f676178488bd1bc4623b4a131b78b0cf.jar,1
VirusShare_f7f60d7deda330f90f5c56ae8cedb898.jar,1
VirusShare_f88ff774b9f26dfc04d732f28b8a538e.jar,0
VirusShare_fb9a6295c2eec16381730ff11eaf5e0f.jar,1
VirusShare_fc45e1d5dd38d99dcb5ebdeb4f23896b.jar,1
VirusShare_fcfda3fe67e0aed72862bc33c1a19aa0.jar,1
VirusShare_fee9725b689f5afa00c68e588eb37a1e.jar,1
